Name,Description,Price,Image URL
Honda Stream,"2004 г., 2 л., автомат, компактвэн, бензин, руль справа, 250 000 км",$ 6 600,https://im.mashina.kg/tachka/images//1/3/b/13b0a6f92c149bcbaf498a4a99f451c4_240x180.jpg
Volkswagen Golf,"1996 г., 1.6 л., механика, хэтчбек 5 дв., бензин, руль слева, 200 000 км",$ 3 850,https://im.mashina.kg/tachka/images//e/1/1/e11835a18a851071e79db4a5dfe43839_240x180.jpg
Hyundai Solaris,"2013 г., 1.6 л., механика, седан, бензин, руль слева, 215 000 км",$ 6 800,https://im.mashina.kg/tachka/images//2/6/b/26b7e05cbf387ce433498016e91ac6b9_240x180.jpg
Toyota RAV4,"2019 г., 2.5 л., вариатор, внедорожник 5 дв., гибрид, руль слева, 64 000 км",$ 42 000,https://im.mashina.kg/tachka/images//8/d/5/8d5ac63937f04a8b36d42f60f380ecdb_240x180.jpg
Volvo S60,"2004 г., 2.5 л., автомат, седан, бензин, руль слева, 126 500 км",$ 6 300,https://im.mashina.kg/tachka/images//4/2/f/42f29b704b9293cb4f2a32ac7e15547b_240x180.jpg
Jetour Jetour X70M,"2023 г., 1.5 л., автомат, внедорожник 5 дв., бензин, руль слева, 20 км",$ 23 000,https://im.mashina.kg/tachka/images//6/4/9/649a67cd60dfb58bfd873d15ae50bce3_240x180.jpg
Toyota RAV4,"2017 г., 2.5 л., вариатор, внедорожник 5 дв., гибрид, руль слева, 55 000 км",$ 28 000,https://im.mashina.kg/tachka/images//1/6/2/162e1e2ebe19579ef83c0ead9c6fb652_240x180.jpg
Hyundai Sonata,"2016 г., 2.4 л., автомат, седан, бензин, руль слева, 54 000 км",$ 16 500,https://im.mashina.kg/tachka/images//e/2/0/e20fd7fd0e601d09e7262cf84d6135b2_240x180.jpg
Toyota Camry,"2018 г., 2.5 л., автомат, седан, бензин, руль слева, 143 231 км",$ 14 550,https://im.mashina.kg/tachka/images//6/7/1/6713c88be67b3b49544376d20f183053_240x180.jpg
Toyota RAV4,"2018 г., 2.5 л., вариатор, внедорожник 5 дв., гибрид, руль слева, 151 000 км",$ 27 000,https://im.mashina.kg/tachka/images//d/a/2/da2a5696a252925205176e8ea06574a6_240x180.jpg
Mercedes-Benz A-Класс,"2009 г., 1.5 л., вариатор, хэтчбек 5 дв., бензин, руль слева, 250 000 км",$ 8 500,https://im.mashina.kg/tachka/images//9/b/3/9b3c86eeead560f1d4708b9b0c58a9e7_240x180.jpg
Subaru Forester,"2017 г., 2.5 л., вариатор, внедорожник 5 дв., бензин, руль слева, 85 000 км",$ 18 500,https://im.mashina.kg/tachka/images//1/8/8/188d7df904b39630deff37ac737f318f_240x180.jpg
Hyundai Sonata,"2016 г., 2 л., автомат, седан, газ, руль слева, 300 000 км",$ 10 800,https://im.mashina.kg/tachka/images//2/b/2/2b2a17208db926ee98ca62a328d95502_240x180.jpg
Subaru XV,"2017 г., 2 л., вариатор, внедорожник 5 дв., бензин, руль слева, 80 000 км",$ 19 500,https://im.mashina.kg/tachka/images//a/c/9/ac9a8ec4fce40d85dd5a864b260bdca9_240x180.jpg
Chevrolet Volt,"2013 г., 1.4 л., вариатор, хэтчбек 5 дв., гибрид, руль слева, 142 000 км",$ 14 500,https://im.mashina.kg/tachka/images//f/3/a/f3a82db0d1b65908415ea4f81a32bc39_240x180.jpg
Toyota Avalon,"2016 г., 2.5 л., вариатор, седан, гибрид, руль слева, 144 000 км",$ 22 800,https://im.mashina.kg/tachka/images//4/a/b/4ab1ba8aa5dbfe6201025e1acf424507_240x180.jpg
Subaru Legacy,"2016 г., 2.5 л., вариатор, седан, бензин, руль слева, 163 000 км",$ 16 500,https://im.mashina.kg/tachka/images//a/1/7/a1764b0a68e217841e5d5ae84cc7c7c8_240x180.jpg
Toyota RAV4,"2016 г., 2.5 л., вариатор, внедорожник 5 дв., гибрид, руль слева, 54 000 км",$ 24 800,https://im.mashina.kg/tachka/images//b/6/b/b6bf4bfd53d5decb3196712541da09d9_240x180.jpg
Hyundai Elantra,"2017 г., 2 л., автомат, седан, бензин, руль слева, 33 000 км",$ 14 500,https://im.mashina.kg/tachka/images//c/9/3/c9344298ccef70c7b8c84b6f3f7596ce_240x180.jpg
Lexus NX,"2017 г., 2 л., автомат, внедорожник 5 дв., бензин, руль слева, 33 000 км",$ 31 800,https://im.mashina.kg/tachka/images//0/2/9/029c8372960c87b6dc80f2dceb73aa1e_240x180.jpg
Kia K5 II Седан,"2016 г., 2 л., автомат, седан, газ, руль слева, 152 174 км",$ 13 800,https://im.mashina.kg/tachka/images//f/8/3/f8309cf0c7f7f41935147356f126e6eb_240x180.jpg
Toyota Land Cruiser,"2014 г., 4.6 л., автомат, внедорожник 5 дв., бензин, руль слева, 85 000 км",$ 45 000,https://im.mashina.kg/tachka/images//f/7/e/f7e094ac7d173ca13a56689217dd8720_240x180.jpg
Toyota Camry,"2016 г., 2.5 л., вариатор, седан, гибрид, руль слева, 91 000 км",$ 23 900,https://im.mashina.kg/tachka/images//5/3/2/5325c97ccdfa9bb49f7fa56dff4e09fc_240x180.jpg
Kia Carnival,"2017 г., 2.2 л., автомат, минивэн, дизель, руль слева, 136 000 км",$ 25 500,https://im.mashina.kg/tachka/images//e/d/2/ed2079903b9635b5c1f9bf74f6fca855_240x180.jpg
Toyota Camry,"2016 г., 2.5 л., автомат, седан, бензин, руль слева, 109 000 км",$ 15 900,https://im.mashina.kg/tachka/images//c/d/c/cdc43dea57349a96a0a64d80674ca9d9_240x180.jpg
Hyundai Santa Fe,"2016 г., 2 л., автомат, внедорожник 5 дв., дизель, руль слева, 139 000 км",$ 18 500,https://im.mashina.kg/tachka/images//1/2/0/120b54149976c1b5ffa1bd06d2e8179e_240x180.jpg
Subaru Forester,"2019 г., 2.5 л., вариатор, внедорожник 5 дв., бензин, руль слева, 150 000 км",$ 23 000,https://im.mashina.kg/tachka/images//7/6/6/7664e7e9859de5ee2fbd97b4364d70c2_240x180.jpg
Honda CR-V,"2017 г., 2.4 л., вариатор, внедорожник 5 дв., бензин, руль слева, 40 000 км",$ 22 900,https://im.mashina.kg/tachka/images//f/7/f/f7fda65fb1805a8a488bc9a4a8fbe31e_240x180.jpg
Toyota Highlander,"2011 г., 3.5 л., автомат, внедорожник 5 дв., бензин, руль слева, 160 000 км",$ 25 000,https://im.mashina.kg/tachka/images//1/d/2/1d23bda3f308b4bd52db0b9d3fd3c64a_240x180.jpg
Mercedes-Benz S-класс,"2004 г., 3.7 л., автомат, седан, бензин, руль слева, 220 000 км",$ 10 000,https://im.mashina.kg/tachka/images//7/b/6/7b62f8a684f6aa24b8945599fd382095_240x180.jpg
Toyota RAV4,"2018 г., 2.5 л., автомат, внедорожник 5 дв., бензин, руль слева, 117 555 км",$ 21 999,https://im.mashina.kg/tachka/images//5/5/a/55a389961b61c84cd50ad16343af98a6_240x180.jpg
Subaru Forester,"2016 г., 2.5 л., вариатор, внедорожник 5 дв., бензин, руль слева, 145 000 км",$ 16 700,https://im.mashina.kg/tachka/images//7/f/a/7fa080e8e206a05edd85d7068d32fa83_240x180.jpg
Toyota RAV4,"2018 г., 2.5 л., автомат, внедорожник 5 дв., бензин, руль слева, 127 000 км",$ 22 000,https://im.mashina.kg/tachka/images//0/4/1/041d9675094d1e1633b84bbbe442388c_240x180.jpg
Hyundai Sonata,"2016 г., 2 л., автомат, седан, газ, руль слева, 186 000 км",$ 11 999,https://im.mashina.kg/tachka/images//2/b/7/2b7f5bd3990d88b1a08afe5f2d4d1a12_240x180.jpg
BMW X5,"2022 г., 3 л., автомат, внедорожник 5 дв., гибрид, руль слева, 35 км",$ 132 000,https://im.mashina.kg/tachka/images//b/4/d/b4d811714b1c7a3c6aa44ee2942b02b7_240x180.jpg
Hyundai Palisade,"2020 г., 3.8 л., автомат, внедорожник 5 дв., бензин, руль слева, 30 000 км",$ 43 000,https://im.mashina.kg/tachka/images//1/b/a/1bacda34a3bb5bfb379cb6c92d7c922b_240x180.jpg
Genesis GV80,"2021 г., 3 л., автомат, внедорожник 5 дв., дизель, руль слева, 72 600 км",$ 77 000,https://im.mashina.kg/tachka/images//2/f/b/2fbbaea8d9ed19345d82d38407be3c15_240x180.jpg
Kia Sportage,"2020 г., 2.4 л., автомат, внедорожник 5 дв., бензин, руль слева, 17 000 км",$ 30 000,https://im.mashina.kg/tachka/images//e/c/5/ec5584b16e98c1388e9f2a25a935225c_240x180.jpg
Hyundai Sonata,"2016 г., 2 л., автомат, седан, бензин, руль слева, 93 580 км",$ 13 900,https://im.mashina.kg/tachka/images//c/b/5/cb56ca209f4fcb03820f4ab6814ae6ad_240x180.jpg
BMW X5,"2017 г., 3 л., автомат, внедорожник 5 дв., дизель, руль слева, 100 000 км",$ 45 000,https://im.mashina.kg/tachka/images//9/3/6/9364b76f39693cb08f956a21cbcdf51f_240x180.jpg
Toyota RAV4,"2016 г., 2.5 л., автомат, внедорожник 5 дв., бензин, руль слева, 191 978 км",$ 23 000,https://im.mashina.kg/tachka/images//4/8/7/4878e28d298990aa144c2f24ec388f89_240x180.jpg
Kia Sorento,"2018 г., 2.2 л., автомат, внедорожник 5 дв., дизель, руль слева, 112 000 км",$ 23 200,https://im.mashina.kg/tachka/images//7/1/8/718aa82346418bf1ae8820055947dbe3_240x180.jpg
Kia Sorento,"2016 г., 2.2 л., автомат, внедорожник 5 дв., дизель, руль слева, 159 698 км",$ 22 500,https://im.mashina.kg/tachka/images//c/9/7/c97d0297f53ff2a786a1b1c601f47f24_240x180.jpg
Toyota RAV4,"2017 г., 2.5 л., автомат, внедорожник 5 дв., бензин, руль слева, 114 731 км",$ 21 500,https://im.mashina.kg/tachka/images//e/6/b/e6b91ba8fc173880b74d32198634782e_240x180.jpg
Toyota RAV4,"2018 г., 2.5 л., вариатор, внедорожник 5 дв., гибрид, руль слева, 49 916 км",$ 28 200,https://im.mashina.kg/tachka/images//1/3/f/13f97a22d8424f3f30572c0637586ccd_240x180.jpg
Toyota Land Cruiser,"2010 г., 4.5 л., автомат, внедорожник 5 дв., дизель, руль слева, 200 000 км",$ 33 000,https://im.mashina.kg/tachka/images//f/4/4/f44b284856f5508d5040f8d7dc838f38_240x180.jpg
Honda Jazz,"2005 г., 1.5 л., вариатор, хэтчбек 5 дв., бензин, руль слева, 256 482 км",$ 7 550,https://im.mashina.kg/tachka/images//c/a/f/cafc132b0ff470dd50ba8c9aebeb4b13_240x180.jpg
Daewoo Nexia,"2007 г., 1.6 л., механика, седан, бензин, руль слева, 88 927 км",$ 1 991,https://im.mashina.kg/tachka/images//b/b/6/bb63777d8665d427258769985c354f84_240x180.jpg
Kia K5 II Седан,"2019 г., 2 л., автомат, седан, газ, руль слева, 117 000 км",$ 12 900,https://im.mashina.kg/tachka/images//9/d/1/9d1aa390d3334a2eae86238a77002da9_240x180.jpg
Toyota Camry,"2018 г., 2.5 л., автомат, седан, бензин, руль слева, 65 000 км",$ 29 000,https://im.mashina.kg/tachka/images//d/1/0/d10c09951be27754d754d679a1a4d0e6_240x180.jpg
ВАЗ (Lada) 2107,"2009 г., 1.6 л., механика, седан, бензин, руль слева, 65 000 км",$ 2 276,https://im.mashina.kg/tachka/images//3/b/9/3b967dbe43554e9ff99139cc9bc8a6f4_240x180.jpg
Lexus LX,"2014 г., 5.7 л., автомат, внедорожник 5 дв., бензин, руль слева, 127 000 км",$ 56 500,https://im.mashina.kg/tachka/images//e/7/7/e7714c54816bbae511b52b4864fca154_240x180.jpg
Kia Carnival,"2021 г., 3.5 л., автомат, минивэн, бензин, руль слева, 22 196 км",$ 38 400,https://im.mashina.kg/tachka/images//b/b/6/bb66025ea84b2e3a263ceb4406986899_240x180.jpg
Toyota Camry,"2018 г., 2.5 л., автомат, седан, бензин, руль слева, 76 000 км",$ 25 500,https://im.mashina.kg/tachka/images//9/e/3/9e3424be941d61fc0d1db968a958197b_240x180.jpg
Toyota Camry,"2016 г., 2.5 л., автомат, седан, бензин, руль слева, 100 000 км",$ 16 800,https://im.mashina.kg/tachka/images//3/f/d/3fd03f856de94cee24dfbcca43ef2f9a_240x180.jpg
Kia K5 II Седан,"2019 г., 2 л., автомат, седан, газ, руль слева, 107 000 км",$ 13 100,https://im.mashina.kg/tachka/images//a/0/4/a0405a9f64586ae1b4df3663cb3d6e78_240x180.jpg
Lexus ES,"2017 г., 2.5 л., вариатор, седан, гибрид, руль слева, 46 600 км",$ 29 500,https://im.mashina.kg/tachka/images//3/6/b/36bdf7d2ac5282eab8ff3905e90d300b_240x180.jpg
Honda CR-V,"2002 г., 2 л., автомат, внедорожник 5 дв., бензин, руль справа, 294 000 км",$ 8 300,https://im.mashina.kg/tachka/images//6/e/7/6e7b3c0f080ea46cc2e88de593a0459d_240x180.jpg
Honda Inspire,"2004 г., 3 л., автомат, седан, бензин, руль справа, 225 300 км",$ 7 800,https://im.mashina.kg/tachka/images//4/f/0/4f094a37cf75c266a862dc137bf472e2_240x180.jpg
Opel Corsa,"2007 г., 1.2 л., механика, хэтчбек 3 дв., бензин, руль слева, 164 869 км",$ 5 121,https://im.mashina.kg/tachka/images//6/4/4/644b7a5993760414201888814d3119ca_240x180.jpg
BYD Han,"2022 г., автомат, седан, электро, руль слева, 1 км",$ 43 000,https://im.mashina.kg/tachka/images//7/6/1/7614b15a03d72dcc6bd4ea46af0927bb_240x180.jpg
Chevrolet Spark,"2014 г., 1 л., автомат, хэтчбек 5 дв., бензин, руль слева, 85 000 км",$ 7 000,https://im.mashina.kg/tachka/images//3/a/c/3ac4d08f6266322a8a03c5254033f3da_240x180.jpg
BMW 5 серии,"2008 г., 4.8 л., автомат, седан, бензин, руль слева, 220 000 км",$ 18 000,https://im.mashina.kg/tachka/images//f/a/9/fa99e002467aa9d2e5404003eeeb2957_240x180.jpg
Toyota RAV4,"2016 г., 2.5 л., автомат, внедорожник 5 дв., бензин, руль слева, 74 000 км",$ 22 000,https://im.mashina.kg/tachka/images//4/4/a/44ab72d87eb66d973a039b93aadfd8da_240x180.jpg
Weltmeister EX5,"2021 г., автомат, внедорожник 5 дв., электро, руль слева, 1 км",$ 21 000,https://im.mashina.kg/tachka/images//d/6/c/d6c820791503025d7b3bcdb2893d0d57_240x180.jpg
BMW X7,"2020 г., 3 л., автомат, внедорожник 5 дв., бензин, руль слева, 89 000 км",$ 120 000,https://im.mashina.kg/tachka/images//0/0/e/00ea9b817f6c6b252b562290a6a39eb2_240x180.jpg
Lexus RX,"2019 г., 2 л., автомат, внедорожник 5 дв., бензин, руль слева, 60 000 км",$ 49 500,https://im.mashina.kg/tachka/images//7/6/4/7642abb70270fd186311d7cd2f4f5ce2_240x180.jpg
Honda e:NP1,"2022 г., автомат, внедорожник 5 дв., электро, руль слева, 1 км",$ 28 000,https://im.mashina.kg/tachka/images//5/2/9/529612407dd06e87c1ef584205d1e146_240x180.jpg
Lexus RX,"2020 г., 3.5 л., автомат, внедорожник 5 дв., бензин, руль слева, 39 000 км",$ 71 000,https://im.mashina.kg/tachka/images//e/d/9/ed973381501597458e0dc4c7b50d9ce2_240x180.jpg
Toyota Prius,"2016 г., 1.8 л., вариатор, хэтчбек 5 дв., гибрид, руль слева, 211 400 км",$ 16 800,https://im.mashina.kg/tachka/images//6/d/6/6d65dbe7b7e3dd48a8c5640ba4713587_240x180.jpg
Land Rover Range Rover,"2019 г., 4.4 л., автомат, внедорожник 5 дв., дизель, руль слева, 87 000 км",$ 105 000,https://im.mashina.kg/tachka/images//6/2/3/623780f0ac352e945592beb58b34e0bc_240x180.jpg
BMW X5,"2018 г., 3 л., автомат, внедорожник 5 дв., дизель, руль слева, 55 768 км",$ 85 000,https://im.mashina.kg/tachka/images//a/f/d/afdde128de9aef7a3489204ec4653259_240x180.jpg
Kia Sorento,"2017 г., 2.2 л., автомат, внедорожник 5 дв., дизель, руль слева, 141 000 км",$ 28 500,No image
Toyota Prius,"2012 г., 1.8 л., автомат, хэтчбек 5 дв., гибрид, руль слева, 240 000 км",$ 14 500,https://im.mashina.kg/tachka/images//c/1/c/c1cfed6b380663f5debf808d6991fda9_240x180.jpg
Hyundai Santa Fe,"2018 г., 2.2 л., автомат, внедорожник 5 дв., дизель, руль слева, 115 000 км",$ 31 500,https://im.mashina.kg/tachka/images//1/0/d/10decb72af56a9f5c83b2072ff81fcf6_240x180.jpg
BMW X7,"2020 г., 3 л., автомат, внедорожник 5 дв., бензин, руль слева, 68 000 км",$ 117 000,https://im.mashina.kg/tachka/images//c/3/c/c3c1eab5a0ed8a4848ac4c2e55921889_240x180.jpg
BMW 7 серии,"2017 г., 4.4 л., автомат, седан, бензин, руль слева, 145 000 км",$ 53 900,https://im.mashina.kg/tachka/images//0/3/a/03a203de9be6474c5e41a002af625b60_240x180.jpg
Toyota Camry,"2016 г., 2.5 л., автомат, седан, бензин, руль слева, 180 000 км",$ 16 900,https://im.mashina.kg/tachka/images//f/2/d/f2db553e5723944462652cc1b4f26545_240x180.jpg
Lexus LX,"2007 г., 4.7 л., автомат, внедорожник 5 дв., бензин, руль слева, 228 000 км",$ 31 500,https://im.mashina.kg/tachka/images//c/9/f/c9f5e503167010ba90ad8181a9723c8b_240x180.jpg
Hyundai Santa Fe,"2018 г., 2 л., автомат, внедорожник 5 дв., дизель, руль слева, 91 000 км",$ 27 000,https://im.mashina.kg/tachka/images//3/6/f/36f0448eca3e6da5c69cbf622f2f0848_240x180.jpg
Daewoo Matiz,"2006 г., 0.8 л., механика, хэтчбек 5 дв., бензин, руль слева, 170 000 км",$ 2 674,https://im.mashina.kg/tachka/images//4/4/e/44e53733e13ddc988fa370536d01298c_240x180.jpg
Honda Stepwgn,"2004 г., 2.4 л., автомат, минивэн, бензин, руль справа, 185 698 км",$ 9 500,https://im.mashina.kg/tachka/images//9/2/b/92b5ee8bfad0361c099595e6d015d7a2_240x180.jpg
Hyundai Tucson,"2017 г., 1.7 л., механика, внедорожник 5 дв., дизель, руль слева, 103 500 км",$ 13 750,https://im.mashina.kg/tachka/images//d/a/0/da06b7bb1b7a13e62773a372443dac4e_240x180.jpg
Daewoo Matiz,"2003 г., 0.8 л., механика, хэтчбек 5 дв., бензин, руль слева, 260 373 км",$ 2 276,https://im.mashina.kg/tachka/images//9/c/8/9c839f4e37c3cd742ed01162a9b48867_240x180.jpg
Kia Mohave (Borrego),"2021 г., 3 л., автомат, внедорожник 5 дв., дизель, руль слева, 28 200 км",$ 44 500,https://im.mashina.kg/tachka/images//1/7/9/1798715450e3cc943d271cd01c687b5f_240x180.jpg
BMW X5,"2021 г., 3 л., автомат, внедорожник 5 дв., гибрид, руль слева, 6 992 км",$ 76 700,https://im.mashina.kg/tachka/images//e/9/d/e9dbe87f93e84f8124de57d990524659_240x180.jpg
Mercedes-Benz E-класс,"2001 г., 4.3 л., автомат, седан, бензин, руль слева, 191 500 км",$ 11 500,https://im.mashina.kg/tachka/images//5/3/d/53d75bb76c447e98ba6176d26715209f_240x180.jpg
Hyundai Tucson,"2018 г., 2 л., автомат, внедорожник 5 дв., бензин, руль слева, 85 000 км",$ 22 500,https://im.mashina.kg/tachka/images//e/7/9/e79be2a69577d512aed0f198c37b2666_240x180.jpg
BMW 5 серии,"2002 г., 2.2 л., автомат, седан, бензин, руль слева, 111 111 км",$ 6 827,https://im.mashina.kg/tachka/images//f/4/2/f4202d445f7103c5b4ba0c87d1699d3f_240x180.jpg
Kia Carnival,"2021 г., 2.2 л., автомат, минивэн, дизель, руль слева, 87 770 км",$ 29 100,https://im.mashina.kg/tachka/images//a/0/d/a0d7ba44b188091a9fdf2d3c21235205_240x180.jpg
Mazda CX-7,"2008 г., 2.3 л., автомат, внедорожник 5 дв., бензин, руль слева, 160 000 км",$ 7 500,https://im.mashina.kg/tachka/images//8/c/6/8c686085f71447e4ec719d6edb568e5c_240x180.jpg
BMW X3,"2020 г., 2 л., автомат, внедорожник 5 дв., гибрид, руль слева, 15 100 км",$ 53 800,https://im.mashina.kg/tachka/images//f/4/c/f4c81f61637f57511551b5731048158e_240x180.jpg
Hyundai Sonata,"2018 г., 2 л., автомат, седан, бензин, руль слева, 105 000 км",$ 13 500,https://im.mashina.kg/tachka/images//0/c/c/0cc8774f9069dd47b0984a411a135202_240x180.jpg
BMW X5,"2022 г., 3 л., автомат, внедорожник 5 дв., бензин, руль слева, 1 768 км",$ 92 800,https://im.mashina.kg/tachka/images//7/4/e/74eb457d82d6b043989edd19abcd5337_240x180.jpg
Chevrolet Spark,"2016 г., 1 л., вариатор, хэтчбек 5 дв., бензин, руль слева, 112 000 км",$ 8 000,https://im.mashina.kg/tachka/images//7/0/9/7097352c63c899a7a50514e49004182b_240x180.jpg
Hyundai Santa Fe,"2018 г., 2.2 л., автомат, внедорожник 5 дв., дизель, руль слева, 98 367 км",$ 25 900,https://im.mashina.kg/tachka/images//4/1/d/41d907739860d3f1b1ff20280275d43f_240x180.jpg
Toyota RAV4,"2020 г., 2.5 л., вариатор, внедорожник 5 дв., гибрид, руль слева, 43 400 км",$ 39 800,https://im.mashina.kg/tachka/images//9/3/5/93537ccca0f3af248372bde720a82036_240x180.jpg
Kia K7,"2016 г., 3.3 л., автомат, седан, бензин, руль слева, 116 000 км",$ 21 000,https://im.mashina.kg/tachka/images//5/1/2/5128f656d49ae63dbe8ddcbd491a55ac_240x180.jpg
Subaru Outback,"2019 г., 2.5 л., вариатор, универсал, бензин, руль слева, 37 000 км",$ 21 500,https://im.mashina.kg/tachka/images//3/0/2/30290c80e28092dc990cc67264408f7e_240x180.jpg
Lexus RX,"2008 г., 3.3 л., вариатор, внедорожник 5 дв., гибрид, руль слева, 223 700 км",$ 19 000,https://im.mashina.kg/tachka/images//7/7/7/777ae2d35694eebe8cf8c7066ee4c0ad_240x180.jpg
Hyundai Sonata,"2015 г., 2 л., автомат, седан, газ, руль слева, 125 000 км",$ 13 500,https://im.mashina.kg/tachka/images//a/6/4/a64129ba79abd4b930e7c6d3b914eded_240x180.jpg
Hyundai Santa Fe,"2018 г., 2.2 л., автомат, внедорожник 5 дв., дизель, руль слева, 140 000 км",$ 33 800,https://im.mashina.kg/tachka/images//a/d/c/adcfd4bbd26e3a30ae702780dbde8726_240x180.jpg
Land Rover Discovery,"2004 г., 4.4 л., автомат, внедорожник 5 дв., бензин, руль слева, 250 000 км",$ 14 500,https://im.mashina.kg/tachka/images//3/a/5/3a590ba5fa6507cf5934983296c119c9_240x180.jpg
Kia K5 II Седан,"2018 г., 2 л., автомат, седан, газ, руль слева, 158 000 км",$ 17 300,https://im.mashina.kg/tachka/images//e/b/c/ebc9170f358e98295ad38bfc4828c52b_240x180.jpg
BMW 3 серии,"2013 г., 2 л., автомат, седан, бензин, руль слева, 132 000 км",$ 20 500,https://im.mashina.kg/tachka/images//a/a/c/aac4b20f84a6dc7a3170f9142e6af478_240x180.jpg
Toyota Prius,"2020 г., 1.8 л., автомат, хэтчбек 5 дв., гибрид, руль слева, 75 000 км",$ 23 900,https://im.mashina.kg/tachka/images//3/f/3/3f3a4767e6ccb730ca31809a202ec1e2_240x180.jpg
Toyota Alphard,"2007 г., 3 л., автомат, минивэн, бензин, руль справа, 115 590 км",$ 13 500,https://im.mashina.kg/tachka/images//b/6/8/b6822f36b6e7536a5216f197bb955e10_240x180.jpg
Toyota RAV4,"2018 г., 2.5 л., автомат, внедорожник 5 дв., бензин, руль слева, 43 000 км",$ 25 200,https://im.mashina.kg/tachka/images//0/c/5/0c587a1af44f9d105198548fe7555343_240x180.jpg
Chevrolet Volt,"2012 г., 1.4 л., вариатор, хэтчбек 5 дв., гибрид, руль слева, 183 000 км",$ 11 700,https://im.mashina.kg/tachka/images//c/c/b/ccbbbb0516b61610cfdbb11f12d2fac5_240x180.jpg
Honda Stepwgn,"2005 г., 2 л., автомат, минивэн, бензин, руль справа, 160 000 км",$ 12 000,https://im.mashina.kg/tachka/images//0/c/f/0cf597b2ac90ed330c529a93fe23bc17_240x180.jpg
Honda CR-V,"2006 г., 2 л., автомат, внедорожник 5 дв., бензин, руль слева, 334 000 км",$ 12 500,https://im.mashina.kg/tachka/images//a/5/e/a5e04da8364ebb048e5bb2fbb323bf16_240x180.jpg
Mercedes-Benz S-класс,"2002 г., 4.3 л., автомат, седан, бензин, руль слева, 172 500 км",$ 10 500,https://im.mashina.kg/tachka/images//b/b/4/bb444b243fa47863c3669c3ac6e53a49_240x180.jpg
Land Rover Range Rover,"2018 г., 4.4 л., автомат, внедорожник 5 дв., дизель, руль слева, 80 000 км",$ 112 000,https://im.mashina.kg/tachka/images//7/3/0/730bf96c5a5b82926a5fa9630ec95fac_240x180.jpg
Toyota FJ Cruiser,"2008 г., 4 л., автомат, внедорожник 5 дв., бензин, руль слева, 180 000 км",$ 26 000,https://im.mashina.kg/tachka/images//d/7/4/d7498dbb9226a21274533a1a7903be74_240x180.jpg
Toyota RAV4,"2019 г., 2.5 л., автомат, внедорожник 5 дв., бензин, руль слева, 28 000 км",$ 31 000,https://im.mashina.kg/tachka/images//0/b/a/0ba66555078e6bf5f06160aa30e6c397_240x180.jpg
Hyundai Sonata,"2021 г., 1.6 л., автомат, седан, бензин, руль слева, 58 000 км",$ 32 500,https://im.mashina.kg/tachka/images//4/b/4/4b42445489cd467ba11261489a2f8ef9_240x180.jpg
Hyundai Santa Fe,"2019 г., 2.4 л., автомат, внедорожник 5 дв., бензин, руль слева, 62 000 км",$ 34 000,https://im.mashina.kg/tachka/images//1/3/7/137c65c9f7c36731d008517a0df7cab4_240x180.jpg
Toyota Camry,"2015 г., 2.5 л., автомат, седан, бензин, руль слева, 190 000 км",$ 17 200,https://im.mashina.kg/tachka/images//6/c/4/6c47f58180ba6a61da06a7c2c1abaf73_240x180.jpg
Mercedes-Benz C-Класс,"2017 г., 2 л., автомат, седан, бензин, руль слева, 85 000 км",$ 29 900,https://im.mashina.kg/tachka/images//5/1/a/51a656bffbb9d8e5f32bbd33caf164c7_240x180.jpg
Lexus UX,"2019 г., 2 л., вариатор, внедорожник 5 дв., гибрид, руль слева, 25 000 км",$ 38 500,https://im.mashina.kg/tachka/images//e/8/f/e8f353e0eeb3701a73b0469860139286_240x180.jpg
BMW 5 серии,"2017 г., 2 л., автомат, седан, бензин, руль слева, 193 000 км",$ 33 999,https://im.mashina.kg/tachka/images//f/b/0/fb028f234fb6caad1b2ef10635eaab33_240x180.jpg
Mercedes-Benz E-класс,"2017 г., 2 л., автомат, седан, бензин, руль слева, 372 850 км",$ 28 500,https://im.mashina.kg/tachka/images//6/b/5/6b53aafca60bd5672e97a27159dab6a3_240x180.jpg
Ford F-150,"2016 г., 2.7 л., автомат, пикап двойная кабина, бензин, руль слева, 130 000 км",$ 43 900,https://im.mashina.kg/tachka/images//4/a/f/4af500b595c094a57c52c7c0d0619835_240x180.jpg
Isuzu Bighorn,"1994 г., 3.2 л., автомат, внедорожник 5 дв., бензин, руль справа, 200 000 км",$ 3 186,https://im.mashina.kg/tachka/images//6/7/8/678a204a2fa741b8ccab0e6970cb5d8e_240x180.jpg
BMW 5 серии,"2019 г., 2 л., автомат, седан, дизель, руль слева, 50 000 км",$ 36 500,https://im.mashina.kg/tachka/images//9/0/f/90f361a09a2bf4153a3aab93e54a2c04_240x180.jpg
Mercedes-Benz S-класс,"2007 г., 3.5 л., автомат, седан, бензин, руль слева, 250 000 км",$ 12 000,https://im.mashina.kg/tachka/images//5/2/4/52446407acb4ef92edf03442db7a6e4f_240x180.jpg
Honda Accord,"2003 г., 2.4 л., механика, седан, бензин, руль слева, 300 000 км",$ 7 777,https://im.mashina.kg/tachka/images//8/6/b/86b5282b1458c43018e5cdaeb36ebbcf_240x180.jpg
Mercedes-Benz C-Класс,"2000 г., 2.6 л., автомат, седан, бензин, руль слева, 220 000 км",$ 6 700,https://im.mashina.kg/tachka/images//1/f/2/1f26daa41383d7aea132b04f5fd37fbd_240x180.jpg
Kia Carnival,"2021 г., 3.5 л., автомат, минивэн, бензин, руль слева, 1 100 км",$ 40 000,https://im.mashina.kg/tachka/images//d/1/b/d1b421693c66374fa5475cb2d3d808a0_240x180.jpg
BMW X5,"2017 г., 3 л., автомат, внедорожник 5 дв., бензин, руль слева, 68 000 км",$ 42 000,https://im.mashina.kg/tachka/images//8/f/0/8f083f181198b188c5200cbddd5e6ea1_240x180.jpg
BMW X5,"2016 г., 3 л., автомат, внедорожник 5 дв., бензин, руль слева, 70 000 км",$ 42 000,https://im.mashina.kg/tachka/images//a/1/b/a1baeddde95f966b9c1b95f7d057d1ac_240x180.jpg
Kia Seltos,"2020 г., 1.6 л., автомат, внедорожник 5 дв., бензин, руль слева, 60 000 км",$ 26 800,https://im.mashina.kg/tachka/images//4/7/2/4722530f05c4c59976dfcd92178cb844_240x180.jpg
Toyota Land Cruiser Prado,"2012 г., 2.7 л., автомат, внедорожник 5 дв., бензин, руль слева, 108 000 км",$ 33 000,https://im.mashina.kg/tachka/images//9/7/2/97265434c0e5d4ba261fd3a5543ef7c7_240x180.jpg
Kia K5 II Седан,"2016 г., 2 л., автомат, седан, газ, руль слева, 119 000 км",$ 12 900,https://im.mashina.kg/tachka/images//0/b/7/0b75af0867cb0bd5897a33147e396fff_240x180.jpg
Toyota Crown,"2005 г., 3.5 л., автомат, седан, бензин, руль справа, 182 000 км",$ 14 900,https://im.mashina.kg/tachka/images//6/4/1/641a14b8d85bef8189425280e8e6862c_240x180.jpg
Hyundai Sonata,"2016 г., 2.4 л., автомат, седан, бензин, руль слева, 143 000 км",$ 14 500,https://im.mashina.kg/tachka/images//c/7/b/c7b9925ca35326d7fb89028f77e92a47_240x180.jpg
Volvo S40,"2007 г., 1.8 л., механика, седан, бензин, руль слева, 192 000 км",$ 6 200,https://im.mashina.kg/tachka/images//f/9/1/f9199652f1ed08f399d125295e587607_240x180.jpg
BMW X7,"2019 г., 3 л., автомат, внедорожник 5 дв., дизель, руль слева, 55 000 км",$ 100 000,https://im.mashina.kg/tachka/images//2/2/8/228ab07152265ba8da5465ff502087e6_240x180.jpg
Porsche Panamera,"2011 г., 4.8 л., робот, хэтчбек 5 дв., бензин, руль слева, 150 000 км",$ 30 500,https://im.mashina.kg/tachka/images//2/f/e/2fe887d6decea99c8ff7190e55f8fdd1_240x180.jpg
Honda Civic,"2012 г., 1.8 л., автомат, седан, бензин, руль слева, 8 800 км",$ 11 000,https://im.mashina.kg/tachka/images//8/9/0/890177ce1b3d56ad7ddee45481bb1880_240x180.jpg
Chevrolet Volt,"2013 г., 1.4 л., вариатор, хэтчбек 5 дв., гибрид, руль слева, 140 000 км",$ 12 000,https://im.mashina.kg/tachka/images//7/e/0/7e0c87436792aaf78487ac07912ae71b_240x180.jpg
Hyundai Elantra,"2023 г., 1.6 л., автомат, седан, бензин, руль слева, 20 км",$ 23 000,https://im.mashina.kg/tachka/images//4/a/5/4a59772d2b930868533d966d8184b206_240x180.jpg
Toyota RAV4,"2021 г., 2.5 л., автомат, внедорожник 5 дв., бензин, руль слева, 38 000 км",$ 35 800,https://im.mashina.kg/tachka/images//b/3/d/b3d247761a1fff41d5897e55c4923a29_240x180.jpg
Mercedes-Benz E-класс,"2001 г., 2.7 л., автомат, седан, дизель, руль слева, 290 000 км",$ 5 500,https://im.mashina.kg/tachka/images//7/9/0/790242ccaff5950857b9152d75644706_240x180.jpg
Honda Civic,"2004 г., 1.6 л., механика, хэтчбек 5 дв., бензин, руль слева, 340 000 км",$ 4 779,https://im.mashina.kg/tachka/images//8/9/5/8958b752892584a13a3b8541e6cf8e2d_240x180.jpg
Daewoo Matiz,"2009 г., 0.8 л., механика, хэтчбек 5 дв., бензин, руль слева, 95 000 км",$ 3 300,https://im.mashina.kg/tachka/images//2/2/4/2249c88dadb3494a1347929847fa0b8c_240x180.jpg
Renault Logan,"2007 г., 1.4 л., механика, седан, бензин, руль слева, 252 525 км",$ 2 276,https://im.mashina.kg/tachka/images//b/8/4/b84209a507e3aadcdd7029c6a6f20757_240x180.jpg
Toyota ISis,"2009 г., 2 л., вариатор, компактвэн, бензин, руль справа, 107 000 км",$ 9 000,https://im.mashina.kg/tachka/images//0/d/5/0d50abdd4179f0fa7abb6310997ecb44_240x180.jpg
Toyota Camry,"2021 г., 2.5 л., автомат, седан, бензин, руль слева, 43 000 км",$ 27 500,https://im.mashina.kg/tachka/images//7/8/a/78ac0ae881fe9f3b1a0ddd4c82aecc25_240x180.jpg
Honda Accord,"2003 г., 2.4 л., автомат, универсал, бензин, руль справа, 240 000 км",$ 6 827,https://im.mashina.kg/tachka/images//1/5/2/152fdf14a4d11777fef7e232a3b5a9e5_240x180.jpg
Subaru Outback,"2017 г., 2.5 л., вариатор, универсал, бензин, руль слева, 68 000 км",$ 17 500,https://im.mashina.kg/tachka/images//1/3/4/134bf8c40afc8fa212e9f520dedbde3a_240x180.jpg
Lexus ES,"2012 г., 3.5 л., автомат, седан, бензин, руль слева, 200 000 км",$ 17 500,https://im.mashina.kg/tachka/images//f/3/3/f33f7d91e7750ada2759762aa623179c_240x180.jpg
Honda CR-V,"2008 г., 2.4 л., автомат, внедорожник 5 дв., бензин, руль слева, 139 000 км",$ 13 600,https://im.mashina.kg/tachka/images//a/8/4/a84b2afcbfb802094cd664536d4ccf5d_240x180.jpg
Toyota Highlander,"2012 г., 3.5 л., вариатор, внедорожник 5 дв., гибрид, руль слева, 265 000 км",$ 24 000,https://im.mashina.kg/tachka/images//b/9/6/b963678e2bd7bdfce5c6e5a8749d59a9_240x180.jpg
Toyota Harrier,"2003 г., 3 л., автомат, внедорожник 5 дв., бензин, руль справа, 274 500 км",$ 12 800,https://im.mashina.kg/tachka/images//0/e/3/0e31eeae90ddf8eac1638cca0f89faff_240x180.jpg
Kia K5 III Седан,"2021 г., 1.6 л., автомат, седан, бензин, руль слева, 7 000 км",$ 39 000,https://im.mashina.kg/tachka/images//f/7/4/f74aa2093b662cf4afb73b5a65bd852f_240x180.jpg
Lexus ES,"2017 г., 2.5 л., вариатор, седан, гибрид, руль слева, 120 000 км",$ 35 000,https://im.mashina.kg/tachka/images//4/d/b/4db890cbb0efa0381c44088921a3e184_240x180.jpg
Honda Accord,"1998 г., 2 л., автомат, седан, бензин, руль справа, 180 000 км",$ 6 259,https://im.mashina.kg/tachka/images//0/9/5/0951b46384c0c7a2d2e2393ea28f787f_240x180.jpg
BMW 5 серии,"1987 г., 2 л., механика, седан, бензин, руль слева, 180 000 км",$ 3 700,https://im.mashina.kg/tachka/images//1/8/a/18a07214e1a694195415978226a6292e_240x180.jpg
Daewoo Matiz,"2004 г., 1 л., механика, хэтчбек 5 дв., бензин, руль слева, 299 818 км",$ 2 276,https://im.mashina.kg/tachka/images//6/b/9/6b92261e18bbde77487e5511dd257e45_240x180.jpg
Mitsubishi Montero Sport,"2022 г., 3 л., автомат, внедорожник 5 дв., бензин, руль слева, 88 км",$ 45 500,https://im.mashina.kg/tachka/images//1/a/1/1a1125ccf92c57572617d032e7eb5fad_240x180.jpg
Jetour X70S,"2022 г., 1.5 л., автомат, внедорожник 5 дв., бензин, руль слева, 1 км",$ 24 000,https://im.mashina.kg/tachka/images//1/e/c/1ec23fd62415fa504d8484d8d7f566c2_240x180.jpg
Jetour Dashing,"2023 г., 1.6 л., робот, внедорожник 5 дв., бензин, руль слева, 1 км",$ 32 500,https://im.mashina.kg/tachka/images//d/d/a/dda0f7cb316915c40b5bd0f90578cda6_240x180.jpg
Mitsubishi Outlander,"2022 г., 2 л., вариатор, внедорожник 5 дв., бензин, руль слева",$ 32 500,https://im.mashina.kg/tachka/images//7/c/2/7c2b268496af180084858be1b3dad5f3_240x180.jpg
Hyundai Elantra,"2018 г., 2 л., автомат, хэтчбек 5 дв., бензин, руль слева, 25 000 км",$ 15 800,https://im.mashina.kg/tachka/images//b/c/a/bca6a26928486ab4f1043433097b9398_240x180.jpg
Toyota Camry,"2014 г., 2.5 л., автомат, седан, бензин, руль слева, 50 000 км",$ 16 500,https://im.mashina.kg/tachka/images//d/5/3/d533bb646f3eda6bb44b7ca8de4e1b16_240x180.jpg
Toyota Camry,"2018 г., 2.5 л., автомат, седан, бензин, руль слева, 151 000 км",$ 22 900,https://im.mashina.kg/tachka/images//3/7/3/37358152e99de41dc31daa8e8b17614e_240x180.jpg
Kia Carnival,"2021 г., 2.2 л., автомат, минивэн, дизель, руль слева, 15 000 км",$ 48 500,https://im.mashina.kg/tachka/images//7/9/1/7914b9c7cbb47074e9cf9a97ec14fa44_240x180.jpg
Toyota Aristo,"2003 г., 3 л., автомат, седан, бензин, руль справа, 281 407 км",$ 6 500,https://im.mashina.kg/tachka/images//6/5/8/658bbc8bdc4b5b0a36bb77539b48a4d7_240x180.jpg
Lexus NX,"2017 г., 2 л., автомат, внедорожник 5 дв., бензин, руль слева, 70 000 км",$ 31 000,https://im.mashina.kg/tachka/images//c/8/6/c869def4fd6b4370cf23f7de20424d6d_240x180.jpg
Toyota Land Cruiser Prado,"2020 г., 4 л., автомат, внедорожник 5 дв., бензин, руль слева, 41 000 км",$ 78 500,https://im.mashina.kg/tachka/images//d/0/6/d06c373c089833cdfad66bb56baef4b8_240x180.jpg
Toyota RAV4,"2018 г., 2.5 л., вариатор, внедорожник 5 дв., гибрид, руль слева, 120 000 км",$ 26 000,https://im.mashina.kg/tachka/images//a/3/c/a3ca97234629c93497ee1fe46d07a6b2_240x180.jpg
Toyota Land Cruiser Prado,"2022 г., 4 л., автомат, внедорожник 5 дв., бензин, руль слева, 27 000 км",$ 80 500,https://im.mashina.kg/tachka/images//1/3/f/13f7c1b246fd3525cb11d854abf2fad3_240x180.jpg
Lexus LX,"2004 г., 4.7 л., автомат, внедорожник 5 дв., бензин, руль слева, 281 635 км",$ 27 000,https://im.mashina.kg/tachka/images//a/0/1/a0166ffb13c6fecaa17707a0bdc16fcb_240x180.jpg
Toyota Crown,"2009 г., 3.5 л., автомат, седан, бензин, руль справа, 150 000 км",$ 14 000,https://im.mashina.kg/tachka/images//2/f/6/2f614f56b307297cffada3fe1df75dbc_240x180.jpg
Toyota Ist,"2003 г., 1.5 л., автомат, хэтчбек 5 дв., бензин, руль справа, 250 000 км",$ 6 900,https://im.mashina.kg/tachka/images//7/0/d/70d2cfd539ba4aab0e72b2a030e4ae5a_240x180.jpg
Toyota RAV4,"2016 г., 2.5 л., автомат, внедорожник 5 дв., бензин, руль слева, 32 000 км",$ 21 700,https://im.mashina.kg/tachka/images//5/5/d/55dd6aa7fe8732ba60fb130ad6a77364_240x180.jpg
Toyota Mark II,"2003 г., 2 л., автомат, седан, бензин, руль справа, 98 000 км",$ 8 500,https://im.mashina.kg/tachka/images//3/d/b/3db7efdd4d3b593a59698f2373865d8b_240x180.jpg
Toyota Camry,"2013 г., 2.5 л., автомат, седан, бензин, руль слева, 125 000 км",$ 12 800,https://im.mashina.kg/tachka/images//c/1/8/c1869dc6392e432e974ebeb3e6dc3bd1_240x180.jpg
Lexus LX,"2018 г., 5.7 л., автомат, внедорожник 5 дв., бензин, руль слева, 45 000 км",$ 89 999,https://im.mashina.kg/tachka/images//4/6/5/46549fbd056fe97706f147b3116ff8c5_240x180.jpg
BMW X5,"2017 г., 3 л., автомат, внедорожник 5 дв., бензин, руль слева, 117 000 км",$ 35 500,https://im.mashina.kg/tachka/images//3/3/7/3379c560e5b5f7aa9269c62da4e329e5_240x180.jpg
Toyota Camry,"2019 г., 2.5 л., вариатор, седан, гибрид, руль слева, 150 000 км",$ 27 000,https://im.mashina.kg/tachka/images//2/9/e/29e8c2956a3a1ea3e07d8328a89469d0_240x180.jpg
Audi A6,"2005 г., 2.4 л., вариатор, седан, бензин, руль слева, 180 000 км",$ 7 900,https://im.mashina.kg/tachka/images//6/0/f/60fc08374f4ecfd311a9373ada32cdfe_240x180.jpg
Mercedes-Benz E-класс,"2011 г., 2.1 л., автомат, седан, дизель, руль слева, 230 000 км",$ 14 500,https://im.mashina.kg/tachka/images//9/d/8/9d8b4425b1c1bba96a436d511e2f4e3b_240x180.jpg
Lexus CT,"2014 г., 1.8 л., вариатор, хэтчбек 5 дв., гибрид, руль слева, 130 000 км",$ 16 999,https://im.mashina.kg/tachka/images//f/2/b/f2b2d282e60c6efe1ac7ad389aae7cd0_240x180.jpg
Land Rover Range Rover,"2018 г., 5 л., автомат, внедорожник 5 дв., бензин, руль слева, 70 000 км",$ 135 000,https://im.mashina.kg/tachka/images//e/0/0/e0077a0da5f072a1af071f2fed159bb6_240x180.jpg
Nissan Serena,"2002 г., 2 л., вариатор, минивэн, бензин, руль справа, 176 000 км",$ 3 983,https://im.mashina.kg/tachka/images//4/b/4/4b40e2955bff6b0adcafcf23005266f7_240x180.jpg
Hyundai Palisade,"2020 г., 3.8 л., автомат, внедорожник 5 дв., бензин, руль слева, 26 048 км",$ 40 000,https://im.mashina.kg/tachka/images//a/4/5/a45d801062f3fabd89e965cd73ed8576_240x180.jpg
Geely Monjaro,"2022 г., 2 л., автомат, внедорожник 5 дв., бензин, руль слева, 14 000 км",$ 35 000,https://im.mashina.kg/tachka/images//e/e/4/ee457a970f5ed4f6f3be862b3bbeec37_240x180.jpg
Toyota Camry,"2022 г., 2.5 л., автомат, седан, бензин, руль слева",$ 39 000,https://im.mashina.kg/tachka/images//b/2/d/b2da5d4395820d8f4f23812b85acdcf3_240x180.jpg
Volkswagen ID.4,"2022 г., автомат, внедорожник 5 дв., электро, руль слева, 1 км",$ 43 500,https://im.mashina.kg/tachka/images//3/c/e/3ced9915038879d8e5de816d7fadb8ef_240x180.jpg
Lexus GX,"2006 г., 4.7 л., автомат, внедорожник 5 дв., бензин, руль слева, 250 000 км",$ 25 000,https://im.mashina.kg/tachka/images//1/1/b/11bdebb0e5034187650ccca240e2613b_240x180.jpg
Kia K5 II Седан,"2016 г., 2 л., автомат, седан, газ, руль слева, 135 000 км",$ 13 500,https://im.mashina.kg/tachka/images//8/8/d/88dcc626327977c237a4a1bb78818aa7_240x180.jpg
Toyota Avalon,"2020 г., 2.5 л., вариатор, седан, гибрид, руль слева, 30 000 км",$ 36 500,https://im.mashina.kg/tachka/images//c/0/5/c05f2c2cafdc5b6df749acdddc8e8e2d_240x180.jpg
Nissan Pathfinder,"2005 г., 4 л., автомат, внедорожник 5 дв., бензин, руль слева, 138 000 км",$ 11 500,https://im.mashina.kg/tachka/images//0/0/f/00f7864c4c2162711edc92b95ef81186_240x180.jpg
Toyota Camry,"2017 г., 2.5 л., автомат, седан, бензин, руль слева, 118 000 км",$ 21 500,https://im.mashina.kg/tachka/images//6/e/e/6ee197885d959a00e87b25e62f9069d0_240x180.jpg
Kia Sorento,"2016 г., 2 л., автомат, внедорожник 5 дв., дизель, руль слева, 61 000 км",$ 21 900,https://im.mashina.kg/tachka/images//3/b/8/3b84a6c36844906ff8e51d1f2ba4ef17_240x180.jpg
BYD Yuan,"2022 г., автомат, внедорожник 5 дв., электро, руль слева, 500 км",$ 29 900,https://im.mashina.kg/tachka/images//6/8/4/684d2acfd2726b6695f1b906eea0cf91_240x180.jpg
BMW X5,"2003 г., 3 л., автомат, внедорожник 5 дв., дизель, руль слева, 260 000 км",$ 9 900,https://im.mashina.kg/tachka/images//e/f/4/ef43baae74a4e6b7e69c2a11a81ea097_240x180.jpg
Toyota Camry,"2018 г., 2.5 л., автомат, седан, бензин, руль слева, 8 000 км",$ 19 600,https://im.mashina.kg/tachka/images//4/9/5/49547f837c3d92053751363c81ddec87_240x180.jpg
Hyundai Santa Fe,"2020 г., 2.2 л., робот, внедорожник 5 дв., дизель, руль слева, 41 800 км",$ 29 900,https://im.mashina.kg/tachka/images//c/c/2/cc27f7adc1665445e6f5632ed6247643_240x180.jpg
Kia K7,"2020 г., 3 л., автомат, седан, газ, руль слева, 58 031 км",$ 25 500,https://im.mashina.kg/tachka/images//0/0/4/00402f8a77d3db5c053ce7e05b0ac8a8_240x180.jpg
Kia Carnival,"2017 г., 2.2 л., автомат, минивэн, дизель, руль слева, 131 000 км",$ 16 400,https://im.mashina.kg/tachka/images//0/7/f/07f1ec32d34e6103c2812481788c1b54_240x180.jpg
BMW X5,"2005 г., 3 л., автомат, внедорожник 5 дв., бензин, руль слева, 70 000 км",$ 11 200,https://im.mashina.kg/tachka/images//f/6/e/f6e9db0e60bb68dc8b4684ac42cbeb50_240x180.jpg
Toyota Ist,"2003 г., 1.3 л., автомат, хэтчбек 5 дв., бензин, руль справа, 215 019 км",$ 7 500,https://im.mashina.kg/tachka/images//1/8/5/18549cd47cd29abc71d294b2e729b21c_240x180.jpg
Toyota RAV4,"2022 г., 2.5 л., вариатор, внедорожник 5 дв., гибрид, руль слева, 3 861 км",$ 43 300,https://im.mashina.kg/tachka/images//b/2/5/b25663ff1f732add8a3e7287f5f8fd6d_240x180.jpg
Kia Sorento,"2018 г., 2.2 л., автомат, внедорожник 5 дв., дизель, руль слева, 66 000 км",$ 32 000,https://im.mashina.kg/tachka/images//b/c/6/bc6bcd11499634f4d63bd4ae39a78a71_240x180.jpg
Kia K5 II Седан,"2018 г., 2 л., автомат, седан, бензин, руль слева, 136 295 км",$ 15 600,https://im.mashina.kg/tachka/images//d/4/f/d4fb013bbbe8d45a6cbb2a661e47e39c_240x180.jpg
Toyota Avalon,"2016 г., 2.5 л., вариатор, седан, гибрид, руль слева, 250 000 км",$ 26 000,https://im.mashina.kg/tachka/images//d/2/2/d223f2e4da97b83cf3abc34a0fae3d77_240x180.jpg
Kia Sorento,"2018 г., 2.2 л., автомат, внедорожник 5 дв., дизель, руль слева, 57 683 км",$ 25 500,https://im.mashina.kg/tachka/images//6/d/c/6dc38e026d67435968b18306937a0ae4_240x180.jpg
Honda Stream,"2002 г., 2 л., автомат, компактвэн, бензин, руль справа, 310 000 км",$ 6 400,https://im.mashina.kg/tachka/images//d/5/1/d5169a23088d07878cff8fcb5384fb2d_240x180.jpg
Kia K5 III Седан,"2020 г., 2 л., автомат, седан, бензин, руль слева, 72 797 км",$ 21 500,https://im.mashina.kg/tachka/images//5/8/a/58a5d1cc18e48cd52f04bcad48035fbf_240x180.jpg
Hyundai Starex (H-1),"1998 г., 2.5 л., механика, минивэн, дизель, руль слева, 350 000 км",$ 4 500,https://im.mashina.kg/tachka/images//3/8/b/38bb16fdfdceae4df139b1ceeae14287_240x180.jpg
Toyota Camry,"2018 г., 2.5 л., автомат, седан, бензин, руль слева, 35 000 км",$ 25 500,https://im.mashina.kg/tachka/images//8/a/e/8ae1c3dbae785ad79832d30e9020bfd6_240x180.jpg
Lexus LX,"2008 г., 5.7 л., автомат, внедорожник 5 дв., бензин, руль слева, 201 975 км",$ 33 300,https://im.mashina.kg/tachka/images//1/9/7/1977b81d75f058d847bed14ce4d524b1_240x180.jpg
Toyota RAV4,"2016 г., 2.5 л., вариатор, внедорожник 5 дв., гибрид, руль слева, 99 000 км",$ 28 900,https://im.mashina.kg/tachka/images//f/e/5/fe534adc8b733301de0200eeecf5e688_240x180.jpg
Hyundai Tucson,"2019 г., 2 л., автомат, внедорожник 5 дв., бензин, руль слева, 88 517 км",$ 21 200,https://im.mashina.kg/tachka/images//e/a/e/eae7df3b5ade0fc30408bd91ca007a0c_240x180.jpg
Toyota Camry,"2004 г., 2.4 л., автомат, седан, бензин, руль слева, 284 000 км",$ 8 648,https://im.mashina.kg/tachka/images//8/2/3/8238b32547d9010d26c0077d6d62b639_240x180.jpg
Honda CR-V,"2000 г., 2 л., автомат, внедорожник 5 дв., бензин, руль слева, 285 000 км",$ 5 917,https://im.mashina.kg/tachka/images//2/2/1/221f6885b646dc1bf574e83c9bfda7ca_240x180.jpg
Mitsubishi Carisma,"1998 г., 1.6 л., механика, седан, бензин, руль слева, 350 000 км",$ 2 048,https://im.mashina.kg/tachka/images//2/3/c/23c717fc8d63e9d4b950f11ab91640a3_240x180.jpg
Toyota Highlander,"2020 г., 3.5 л., автомат, внедорожник 5 дв., бензин, руль слева, 70 000 км",$ 68 500,https://im.mashina.kg/tachka/images//e/e/d/eed94d2fb5bef7c6cec6042ecfa2716a_240x180.jpg
Hyundai Sonata,"2017 г., 2 л., автомат, седан, газ, руль слева, 150 000 км",$ 14 000,https://im.mashina.kg/tachka/images//3/c/0/3c089b782e7610dfca85691c0412c2e7_240x180.jpg
Honda Inspire,"2004 г., 3 л., автомат, седан, бензин, руль справа, 235 640 км",$ 7 510,https://im.mashina.kg/tachka/images//9/d/9/9d93d7bf89622ea31145eead4c33eaf6_240x180.jpg
Lexus ES,"2016 г., 2.5 л., вариатор, седан, гибрид, руль слева, 148 000 км",$ 27 900,https://im.mashina.kg/tachka/images//c/0/8/c0827ab763d4b5a98b8064c3e3b0dfa5_240x180.jpg
Honda Civic,"2001 г., 1.6 л., автомат, хэтчбек 5 дв., бензин, руль справа, 81 000 км",$ 7 300,https://im.mashina.kg/tachka/images//9/d/2/9d2e729b049eb1c4c5a967694268ff78_240x180.jpg
BMW X7,"2020 г., 3 л., автомат, внедорожник 5 дв., бензин, руль слева, 29 000 км",$ 125 000,https://im.mashina.kg/tachka/images//3/1/3/313eb50c09e264c59e274f8d7c451ba6_240x180.jpg
Lexus NX,"2015 г., 2.5 л., вариатор, внедорожник 5 дв., гибрид, руль слева, 160 000 км",$ 33 000,https://im.mashina.kg/tachka/images//e/9/e/e9ecbb8cd4777af998e1332f598fc485_240x180.jpg
Kia Sorento,"2017 г., 2 л., автомат, внедорожник 5 дв., дизель, руль слева, 120 000 км",$ 23 000,https://im.mashina.kg/tachka/images//5/6/c/56cb72b38ab99686a6857e5c82aaaa11_240x180.jpg
Hyundai Sonata,"2015 г., 2 л., автомат, седан, газ, руль слева, 212 000 км",$ 11 800,https://im.mashina.kg/tachka/images//e/3/0/e303bb23f5ca085a4613949a00bd9567_240x180.jpg
Kia Sorento,"2020 г., 2.2 л., робот, внедорожник 5 дв., дизель, руль слева, 85 000 км",$ 33 500,https://im.mashina.kg/tachka/images//e/2/4/e24990b12afe43338bec7d79ee80deee_240x180.jpg
Toyota Camry,"2007 г., 2.4 л., автомат, седан, бензин, руль слева, 156 500 км",$ 11 300,https://im.mashina.kg/tachka/images//a/6/f/a6fe17d49b0d3fd7f828b1e22f0a74c2_240x180.jpg
Toyota Camry,"2019 г., 2.5 л., вариатор, седан, гибрид, руль слева, 107 000 км",$ 24 700,https://im.mashina.kg/tachka/images//5/b/1/5b14d5c834b6cd7539aa03333927b648_240x180.jpg
Subaru Outback,"2016 г., 2.5 л., вариатор, универсал, бензин, руль слева, 101 000 км",$ 21 500,https://im.mashina.kg/tachka/images//7/2/8/728f407991fa3eb528a6eeae563e849f_240x180.jpg
Hyundai Santa Fe,"2018 г., 2 л., автомат, внедорожник 5 дв., дизель, руль слева, 97 000 км",$ 30 000,https://im.mashina.kg/tachka/images//b/f/9/bf9c05bf6edc2117d1c2549a8171b1a3_240x180.jpg
Lexus RX,"2016 г., 3.5 л., вариатор, внедорожник 5 дв., гибрид, руль слева, 144 000 км",$ 52 500,https://im.mashina.kg/tachka/images//0/3/1/031fcbe745c3bbc05664b308c4fee4d3_240x180.jpg
BMW X5,"2018 г., 4.4 л., автомат, внедорожник 5 дв., бензин, руль слева, 91 000 км",$ 95 000,https://im.mashina.kg/tachka/images//1/6/2/162d681d9207c86c69c9bdf49d56c22e_240x180.jpg
BMW 1 серии,"2008 г., 3 л., автомат, купе, бензин, руль слева, 63 000 км",$ 19 800,https://im.mashina.kg/tachka/images//c/b/f/cbf278dc6732e4556c9d3cfa61f084a7_240x180.jpg
Toyota Camry,"2017 г., 2.5 л., автомат, седан, бензин, руль слева, 116 000 км",$ 18 299,https://im.mashina.kg/tachka/images//d/7/1/d71a5d7b01e60f198e30ff642d678859_240x180.jpg
Kia Sportage,"2016 г., 2 л., автомат, внедорожник 5 дв., дизель, руль слева, 140 000 км",$ 20 500,https://im.mashina.kg/tachka/images//9/e/f/9ef864014a3c059c9c8d0b07bc24fb7d_240x180.jpg
Hyundai Santa Fe,"2018 г., 2 л., автомат, внедорожник 5 дв., дизель, руль слева, 87 000 км",$ 30 000,https://im.mashina.kg/tachka/images//a/9/e/a9e628dfa90532ebecd4c9832ec522e9_240x180.jpg
Kia K7,"2018 г., 3 л., автомат, седан, газ, руль слева, 211 000 км",$ 16 900,https://im.mashina.kg/tachka/images//1/1/0/110c514cd49e4e09e1df06fe74f063d1_240x180.jpg
Toyota Camry,"2017 г., 2.5 л., автомат, седан, бензин, руль слева, 100 000 км",$ 17 999,https://im.mashina.kg/tachka/images//5/3/4/534d9638877b7fd89ad97fea095daece_240x180.jpg
Genesis G80,"2022 г., 2.5 л., автомат, седан, бензин, руль слева, 17 900 км",$ 58 000,https://im.mashina.kg/tachka/images//4/e/2/4e23f5da9ec99eed14b9271e26dec7d4_240x180.jpg
Lexus ES,"2019 г., 2.5 л., вариатор, седан, гибрид, руль слева, 60 000 км",$ 55 000,https://im.mashina.kg/tachka/images//a/e/c/aec29cd72b52e657a64e484a26eabc23_240x180.jpg
Toyota Prius,"2017 г., 1.8 л., вариатор, хэтчбек 5 дв., гибрид, руль слева, 193 000 км",$ 12 700,https://im.mashina.kg/tachka/images//5/6/1/561937b37647cd2c4bc7c822f38df482_240x180.jpg
BMW X5,"2018 г., 4.4 л., автомат, внедорожник 5 дв., бензин, руль слева, 46 700 км",$ 60 000,https://im.mashina.kg/tachka/images//9/6/5/96573e539e3d6579052487f9801eb218_240x180.jpg
Hyundai Tucson,"2016 г., 1.7 л., робот, внедорожник 5 дв., дизель, руль слева, 132 000 км",$ 16 500,https://im.mashina.kg/tachka/images//3/f/3/3f3fb40ef994b4d2f0155f930b75b23b_240x180.jpg
Toyota Camry,"2012 г., 2.5 л., автомат, седан, бензин, руль слева, 150 000 км",$ 14 300,https://im.mashina.kg/tachka/images//f/0/3/f03a2e245cbbb6fb62178cda8341522b_240x180.jpg
Kia Sportage,"2017 г., 2.4 л., автомат, внедорожник 5 дв., бензин, руль слева, 57 000 км",$ 24 300,https://im.mashina.kg/tachka/images//c/1/0/c10fcb322d82e4169ef0b57e77255d05_240x180.jpg
Honda Fit,"2004 г., 1.5 л., вариатор, хэтчбек 5 дв., бензин, руль справа, 266 000 км",$ 7 200,https://im.mashina.kg/tachka/images//5/e/3/5e39830a975eee969558e877052217ce_240x180.jpg
Hyundai Santa Fe,"2019 г., 2 л., автомат, внедорожник 5 дв., дизель, руль слева, 81 000 км",$ 25 500,https://im.mashina.kg/tachka/images//0/4/e/04e691c7980b56c0c33235d14ea3bb06_240x180.jpg
Toyota Camry,"2017 г., 2.5 л., вариатор, седан, гибрид, руль слева, 112 000 км",$ 20 300,https://im.mashina.kg/tachka/images//9/4/0/940ac29351ccfc315e5607d59818bf14_240x180.jpg
BMW X6,"2016 г., 3 л., автомат, внедорожник 5 дв., дизель, руль слева, 70 000 км",$ 42 400,https://im.mashina.kg/tachka/images//3/6/c/36ca7bdcbcbbaa821a7fa67c6a5fe900_240x180.jpg
Toyota Corolla,"2015 г., 1.8 л., автомат, седан, бензин, руль слева, 100 000 км",$ 12 500,https://im.mashina.kg/tachka/images//4/c/1/4c11f9bafd101cb4c562df418b49210e_240x180.jpg
Kia Morning,"2017 г., 1 л., автомат, хэтчбек 5 дв., бензин / газ, руль слева, 135 000 км",$ 8 900,https://im.mashina.kg/tachka/images//d/f/a/dfa91807f402d90b6d60c32df0bbe486_240x180.jpg
Toyota Camry,"2009 г., 2.5 л., автомат, седан, бензин, руль слева, 147 800 км",$ 11 800,https://im.mashina.kg/tachka/images//a/9/4/a9483e4556ca125d5ccf194ac782134b_240x180.jpg
Subaru Ascent,"2018 г., 2.4 л., вариатор, внедорожник 5 дв., бензин, руль слева, 67 000 км",$ 38 000,https://im.mashina.kg/tachka/images//4/f/0/4f0fae35a2c520e70a60a3328946b868_240x180.jpg
Kia Morning,"2017 г., 1 л., автомат, хэтчбек 5 дв., бензин, руль слева, 38 000 км",$ 8 800,https://im.mashina.kg/tachka/images//5/4/a/54ad0bd48d7df91e9244ba85dd279d77_240x180.jpg
Mercedes-Benz C-Класс,"2018 г., 2.1 л., автомат, седан, дизель, руль слева, 105 000 км",$ 23 000,https://im.mashina.kg/tachka/images//a/1/3/a13a679ddbafb3a3da6255ca1be218ce_240x180.jpg
Toyota Land Cruiser,"2008 г., 4.7 л., автомат, внедорожник 5 дв., бензин, руль слева, 178 246 км",$ 31 500,https://im.mashina.kg/tachka/images//b/8/5/b850cc7a8d20836797bb77efd62c1d2a_240x180.jpg
Toyota Highlander,"2011 г., 3.5 л., автомат, внедорожник 5 дв., бензин, руль слева, 194 000 км",$ 22 700,https://im.mashina.kg/tachka/images//9/1/e/91e7e2263ccaf908c3294991a9bf951c_240x180.jpg
Lexus GX,"2005 г., 4.7 л., автомат, внедорожник 5 дв., бензин, руль слева, 147 000 км",$ 25 800,https://im.mashina.kg/tachka/images//4/2/6/4266f2a17ea30d17a4ef5c8a4be2d3b6_240x180.jpg
Kia K5 II Седан,"2019 г., 2 л., автомат, седан, газ, руль слева, 150 000 км",$ 15 500,https://im.mashina.kg/tachka/images//3/9/5/395b6e9489553a30bdc05cc2be97f2f5_240x180.jpg
Mercedes-Benz G-класс,"2001 г., 4 л., автомат, внедорожник 5 дв., дизель, руль слева, 240 000 км",$ 19 900,https://im.mashina.kg/tachka/images//a/b/3/ab3e9c89e5eaac842f0ad2ff0a564eb8_240x180.jpg
Toyota RAV4,"2016 г., 2.5 л., автомат, внедорожник 5 дв., бензин, руль слева, 73 000 км",$ 19 300,https://im.mashina.kg/tachka/images//4/b/2/4b2ab2af30f8a4411f227798d8629d15_240x180.jpg
Toyota Camry,"2018 г., 2.5 л., вариатор, седан, гибрид, руль слева, 60 000 км",$ 32 000,https://im.mashina.kg/tachka/images//9/c/f/9cf3108dbf59f6f8e2218ad5347dbc88_240x180.jpg
Toyota Highlander,"2010 г., 3.5 л., автомат, внедорожник 5 дв., бензин, руль слева, 145 000 км",$ 24 000,https://im.mashina.kg/tachka/images//e/2/c/e2c146b7ba766c6ca93cd11e06e36271_240x180.jpg
BMW X7,"2020 г., 3 л., автомат, внедорожник 5 дв., бензин, руль слева, 33 666 км",$ 87 000,https://im.mashina.kg/tachka/images//d/5/1/d51b498c29bb400cca4d3dbf19dd089c_240x180.jpg
Kia Seltos,"2019 г., 1.6 л., робот, внедорожник 5 дв., дизель, руль слева, 125 000 км",$ 22 900,https://im.mashina.kg/tachka/images//c/5/e/c5ebc93693b290c5084d843ee4843a98_240x180.jpg
Porsche Cayenne,"2013 г., 4.8 л., автомат, внедорожник 5 дв., бензин, руль слева, 84 000 км",$ 38 000,https://im.mashina.kg/tachka/images//1/7/b/17bb941c397cda19e54ce383c84acda5_240x180.jpg
Kia K5 II Седан,"2016 г., 2 л., автомат, седан, газ, руль слева, 273 000 км",$ 12 500,https://im.mashina.kg/tachka/images//3/3/f/33fc6de3040b88b21e60cc189883dd42_240x180.jpg
BMW 5 серии,"2017 г., 3 л., автомат, седан, бензин, руль слева, 61 000 км",$ 45 000,https://im.mashina.kg/tachka/images//3/e/3/3e3c52acbb411942d467beba7e4eed04_240x180.jpg
Kia Carnival,"2016 г., 2.2 л., автомат, минивэн, дизель, руль слева, 218 000 км",$ 19 700,https://im.mashina.kg/tachka/images//0/5/1/051ffbb70d64d81c77a63a2d67d081d9_240x180.jpg
Lexus RX,"2015 г., 3.5 л., автомат, внедорожник 5 дв., бензин, руль слева, 99 000 км",$ 33 000,https://im.mashina.kg/tachka/images//b/7/c/b7ce437e84390d1f13fcb57d2ad58c52_240x180.jpg
Toyota RAV4,"2021 г., 2.5 л., автомат, внедорожник 5 дв., бензин, руль слева, 34 000 км",$ 33 500,https://im.mashina.kg/tachka/images//f/c/6/fc673f5b1248e76ac1ad4728a3805968_240x180.jpg
Mercedes-Benz E-класс,"2001 г., 4.3 л., автомат, седан, бензин, руль слева, 300 000 км",$ 8 500,https://im.mashina.kg/tachka/images//7/b/b/7bbec3f4183658b765906193890908ee_240x180.jpg
Toyota Camry,"2016 г., 2.5 л., автомат, седан, бензин, руль слева, 999 999 км",$ 14 499,https://im.mashina.kg/tachka/images//8/2/4/824e2c109af8d488d690b77486db9241_240x180.jpg
Toyota Wish,"2009 г., 1.8 л., вариатор, минивэн, бензин, руль слева, 195 000 км",$ 9 999,https://im.mashina.kg/tachka/images//5/8/f/58fcc470cc3b99a98502f41c4b9ff94c_240x180.jpg
Mercedes-Benz S-класс,"2013 г., 4.7 л., автомат, седан, бензин, руль слева, 144 000 км",$ 49 500,https://im.mashina.kg/tachka/images//6/d/4/6d4d13791f8f8ae69dd5d44ebbff28cb_240x180.jpg
Toyota Land Cruiser Prado,"2019 г., 2.8 л., автомат, внедорожник 5 дв., дизель, руль слева, 35 000 км",$ 67 500,https://im.mashina.kg/tachka/images//4/c/7/4c7ee1476838d4391dd853a25606563c_240x180.jpg
Lexus ES,"2021 г., 2.5 л., автомат, седан, бензин, руль слева, 25 000 км",$ 40 999,https://im.mashina.kg/tachka/images//7/9/f/79fe9d1a9a540bee14645c7a7dc3b7f4_240x180.jpg
Toyota Camry,"2021 г., 2.5 л., автомат, седан, бензин, руль слева, 39 750 км",$ 27 500,https://im.mashina.kg/tachka/images//4/d/d/4dda66d270cb284a0d05d1a4254de9d4_240x180.jpg
BMW 5 серии,"2018 г., 2 л., автомат, седан, дизель, руль слева, 65 000 км",$ 38 500,https://im.mashina.kg/tachka/images//d/e/5/de5720af21c0ad98028e1f0194a4a6e4_240x180.jpg
BMW X5,"2021 г., 3 л., автомат, внедорожник 5 дв., бензин, руль слева, 22 000 км",$ 99 500,https://im.mashina.kg/tachka/images//8/4/7/8473bd7ddc7bafe8cbe5a3b4188096f8_240x180.jpg
Honda HR-V,"2019 г., 1.8 л., вариатор, внедорожник 5 дв., бензин, руль слева, 40 000 км",$ 19 000,https://im.mashina.kg/tachka/images//7/b/7/7b76ab8c49e90ebd81a74536cab12aef_240x180.jpg
Toyota Altezza,"2003 г., 2 л., автомат, универсал, бензин, руль справа, 308 000 км",$ 5 300,https://im.mashina.kg/tachka/images//0/0/2/002f7a0560e3ca7a2d26e76c94df1089_240x180.jpg
Lexus LX,"2010 г., 5.7 л., автомат, внедорожник 5 дв., бензин, руль слева, 270 000 км",$ 38 500,https://im.mashina.kg/tachka/images//6/b/f/6bf81e3fd12c4d546f7ea05f7a615733_240x180.jpg
Lexus RX,"2016 г., 3.5 л., вариатор, внедорожник 5 дв., гибрид, руль слева, 130 000 км",$ 48 000,https://im.mashina.kg/tachka/images//1/2/1/121bf5a7c96014cdb024c4250fad8fca_240x180.jpg
Lexus LX,"2005 г., 4.7 л., автомат, внедорожник 5 дв., бензин, руль слева, 180 000 км",$ 24 000,https://im.mashina.kg/tachka/images//e/6/f/e6fa9983a5a1e05a0e76be65eade9ab3_240x180.jpg
Toyota Camry,"2018 г., 2.5 л., автомат, седан, бензин, руль слева, 150 000 км",$ 24 500,https://im.mashina.kg/tachka/images//9/0/9/9099f938fe87b20989208a1bacc983b0_240x180.jpg
BMW 5 серии,"2017 г., 3 л., автомат, седан, бензин, руль слева, 75 000 км",$ 43 500,https://im.mashina.kg/tachka/images//d/4/8/d48b35cb193830807c642d0d3182f629_240x180.jpg
Toyota RAV4,"2014 г., 2 л., вариатор, внедорожник 5 дв., бензин, руль слева, 93 000 км",$ 22 000,https://im.mashina.kg/tachka/images//0/9/d/09d23702282b8454e328c733e89ebde3_240x180.jpg
Kia K5 III Седан,"2020 г., 1.6 л., автомат, седан, бензин, руль слева, 34 800 км",$ 27 900,https://im.mashina.kg/tachka/images//9/d/9/9d98403e4fd996a5e273a341770eb405_240x180.jpg
Toyota Avalon,"2017 г., 2.5 л., вариатор, седан, гибрид, руль слева, 130 000 км",$ 25 000,https://im.mashina.kg/tachka/images//2/a/b/2abacafecd3533685ef72b6f460f29b2_240x180.jpg
BMW X5,"2005 г., 3 л., автомат, внедорожник 5 дв., дизель, руль слева, 306 000 км",$ 14 900,https://im.mashina.kg/tachka/images//5/d/2/5d28884db944ccae7486513356462313_240x180.jpg
Hyundai Sonata,"2017 г., 2 л., автомат, седан, газ, руль слева, 209 500 км",$ 15 800,https://im.mashina.kg/tachka/images//0/6/a/06ab58fd2adb90363d353385a33347e7_240x180.jpg
Lexus RX,"2009 г., 3.5 л., вариатор, внедорожник 5 дв., гибрид, руль слева, 207 000 км",$ 23 000,https://im.mashina.kg/tachka/images//8/6/9/869e0addadd7c77367e0ba88e9c52ef0_240x180.jpg
Honda Jazz,"2008 г., 1.3 л., вариатор, хэтчбек 5 дв., бензин, руль слева, 189 000 км",$ 9 500,https://im.mashina.kg/tachka/images//5/4/f/54f781f20da945ba22b1c2aaf8e31526_240x180.jpg
Toyota RAV4,"2020 г., 2.5 л., автомат, внедорожник 5 дв., бензин, руль слева, 6 300 км",$ 32 500,https://im.mashina.kg/tachka/images//9/5/4/954a0ee30dac55b088086b8611336ab0_240x180.jpg
Toyota Camry,"2016 г., 2.5 л., автомат, седан, бензин, руль слева, 180 000 км",$ 25 500,https://im.mashina.kg/tachka/images//c/0/3/c0357c0ef48e16caba115d43f5cc4d5c_240x180.jpg
Daewoo Matiz,"2004 г., 1 л., механика, хэтчбек 5 дв., бензин, руль слева, 299 818 км",$ 2 276,https://im.mashina.kg/tachka/images//6/b/9/6b92261e18bbde77487e5511dd257e45_240x180.jpg
Toyota Duet,"1999 г., 1 л., автомат, хэтчбек 5 дв., бензин, руль справа, 172 000 км",$ 3 528,https://im.mashina.kg/tachka/images//5/2/8/528b8ec7d81d6c77d2da3dccee56af1d_240x180.jpg
Subaru Forester,"2003 г., 2 л., автомат, универсал, бензин, руль справа, 220 000 км",$ 6 300,https://im.mashina.kg/tachka/images//a/d/3/ad373051b4a9a8ff9e7407b58f7c722a_240x180.jpg
Honda Accord,"2008 г., 2.4 л., автомат, седан, бензин, руль слева, 127 000 км",$ 10 600,https://im.mashina.kg/tachka/images//8/1/8/818a4ca74cc98f6578130e212eb386ae_240x180.jpg
Toyota RAV4,"2017 г., 2 л., вариатор, внедорожник 5 дв., бензин, руль слева, 22 500 км",$ 31 000,https://im.mashina.kg/tachka/images//0/8/d/08d5cf5313cd6cafd037e735f49fa389_240x180.jpg
BMW 5 серии,"1991 г., 2.5 л., механика, седан, бензин, руль слева, 465 767 км",$ 2 845,https://im.mashina.kg/tachka/images//7/c/f/7cf0b896b29757cc0f580aa85c9c905a_240x180.jpg
Honda Fit,"2001 г., 1.3 л., вариатор, хэтчбек 5 дв., бензин, руль справа, 253 000 км",$ 5 462,https://im.mashina.kg/tachka/images//d/3/0/d305e136b007264eb06fa022218ebcbb_240x180.jpg
Audi A6,"1996 г., 2.6 л., механика, седан, бензин, руль слева, 450 000 км",$ 3 528,https://im.mashina.kg/tachka/images//5/9/7/5976e532773223d2743a4fe16c6fcf95_240x180.jpg
Chevrolet Malibu,"2017 г., 1.5 л., автомат, седан, бензин, руль слева, 130 196 км",$ 7 400,https://im.mashina.kg/tachka/images//0/1/4/014d26bb6783ede0c1ca7da1b7385d05_240x180.jpg
Toyota Land Cruiser,"2017 г., 4.5 л., автомат, внедорожник 5 дв., дизель, руль слева, 87 000 км",$ 89 000,https://im.mashina.kg/tachka/images//d/3/f/d3faf32430bfc9030fbe839e9c170440_240x180.jpg
Mercedes-Benz E-класс,"2004 г., 2.7 л., автомат, универсал, дизель, руль слева, 330 000 км",$ 8 000,https://im.mashina.kg/tachka/images//9/a/7/9a7b7aef8da3148501101b88d736ac57_240x180.jpg
Toyota Camry,"2021 г., 2.5 л., автомат, седан, бензин, руль слева, 5 000 км",$ 41 500,https://im.mashina.kg/tachka/images//6/7/d/67d006d2cbf3fced0a3e2cb1a4ab247e_240x180.jpg
Skoda Octavia,"2015 г., 1.6 л., автомат, лифтбек, бензин, руль слева, 323 456 км",$ 6 999,https://im.mashina.kg/tachka/images//9/6/9/969c0b05aaf9d1769d355bc61fdf407c_240x180.jpg
Opel Vectra,"2000 г., 1.8 л., механика, седан, бензин, руль слева, 200 000 км",$ 3 414,https://im.mashina.kg/tachka/images//2/0/0/200782bdf0a6e9e2f21c35188d719676_240x180.jpg
BMW 7 серии,"2012 г., 4.4 л., автомат, седан, бензин, руль слева, 180 000 км",$ 25 000,https://im.mashina.kg/tachka/images//1/4/f/14fb71217670e8df960507e7df74b0d8_240x180.jpg
Honda Jazz,"2002 г., 1.5 л., механика, хэтчбек 5 дв., бензин, руль слева, 329 000 км",$ 6 600,https://im.mashina.kg/tachka/images//5/a/6/5a658394d1d8415b01f86b4e1a4a9023_240x180.jpg
Kia K7,"2016 г., 3 л., автомат, седан, газ, руль слева, 171 421 км",$ 17 200,https://im.mashina.kg/tachka/images//3/e/d/3edb61064853d0fa9527947984b23635_240x180.jpg
Toyota Windom,"2002 г., 3 л., автомат, седан, бензин, руль справа, 304 456 км",$ 8 876,https://im.mashina.kg/tachka/images//a/d/1/ad1f2e3ef0d6bfa4d22cc80fe4e21fb8_240x180.jpg
Toyota RAV4,"2020 г., 2.5 л., вариатор, внедорожник 5 дв., гибрид, руль слева, 36 000 км",$ 40 000,https://im.mashina.kg/tachka/images//4/e/b/4ebf92dc0767dbbffd7c5c4d0bbf35ca_240x180.jpg
Volkswagen Vento,"1994 г., 1.8 л., механика, седан, бензин, руль слева, 190 200 км",$ 1 593,https://im.mashina.kg/tachka/images//8/9/6/896c14027aec2bbbda067e8d52bbc21f_240x180.jpg
Suzuki SX4,"2011 г., 2 л., автомат, хэтчбек 5 дв., бензин, руль слева, 200 000 км",$ 7 500,https://im.mashina.kg/tachka/images//6/9/e/69eb54727ffabd5fd3de2754845ab1e4_240x180.jpg
Mercedes-Benz E-класс,"2001 г., 4.3 л., автомат, седан, бензин, руль слева, 276 000 км",$ 7 800,https://im.mashina.kg/tachka/images//a/8/2/a8229e4572e501882a631ae3a073f443_240x180.jpg
Jaguar XE,"2017 г., 2 л., автомат, седан, бензин, руль слева, 57 000 км",$ 21 000,https://im.mashina.kg/tachka/images//8/4/6/84683d472d5758771ae64f09648feafc_240x180.jpg
Kia K7,"2018 г., 2.4 л., автомат, седан, гибрид, руль слева, 63 000 км",$ 26 800,https://im.mashina.kg/tachka/images//9/c/f/9cf6652241bf749910047da569a49694_240x180.jpg
Toyota Ist,"2003 г., 1.3 л., автомат, хэтчбек 5 дв., бензин, руль справа, 20 500 км",$ 6 950,https://im.mashina.kg/tachka/images//6/8/0/680dbdc8b2f24d19fe2a59e307215ef6_240x180.jpg
Daewoo Nexia,"2006 г., 1.5 л., механика, седан, бензин, руль слева, 385 567 км",$ 2 162,No image
Daewoo Matiz,"2005 г., 1 л., механика, хэтчбек 5 дв., бензин, руль слева, 165 500 км",$ 2 503,https://im.mashina.kg/tachka/images//e/2/9/e293cee87edd842f5e8f3b7d9b885184_240x180.jpg
Toyota Camry (Japan),"2019 г., 2.5 л., вариатор, седан, гибрид, руль слева, 75 800 км",$ 28 300,https://im.mashina.kg/tachka/images//b/f/0/bf0714ad6ac22c299361b43db2951d79_240x180.jpg
Honda Capa,"1999 г., 1.5 л., вариатор, микровэн, бензин, руль справа, 355 000 км",$ 2 162,No image
Toyota RAV4,"2018 г., 2.5 л., автомат, внедорожник 5 дв., бензин, руль слева, 37 800 км",$ 24 800,https://im.mashina.kg/tachka/images//a/1/7/a17bd5fbb825b491c8778d77cbbf50cc_240x180.jpg
Honda Logo,"2000 г., 1.3 л., автомат, хэтчбек 5 дв., бензин, руль справа, 777 777 км",$ 3 641,https://im.mashina.kg/tachka/images//c/d/7/cd7c808aa00efd55983c77247eabb3ce_240x180.jpg
Honda Fit,"2005 г., 1.3 л., вариатор, хэтчбек 5 дв., бензин, руль справа, 250 000 км",$ 5 519,https://im.mashina.kg/tachka/images//4/a/6/4a6fd55e44c82559bd3f2f6195fe66ea_240x180.jpg
Kia K5 III Седан,"2020 г., 2 л., автомат, седан, гибрид, руль слева, 70 400 км",$ 21 600,https://im.mashina.kg/tachka/images//0/e/0/0e04cc13c509969d4e4125b6a69ff061_240x180.jpg
Nissan Rogue,"2011 г., 2.5 л., вариатор, внедорожник 5 дв., бензин, руль слева, 178 000 км",$ 17 000,https://im.mashina.kg/tachka/images//6/d/2/6d248780b62df5625cb9afab4cb6dab4_240x180.jpg
Kia K5 II Седан,"2017 г., 2 л., автомат, седан, газ, руль слева, 107 000 км",$ 12 600,https://im.mashina.kg/tachka/images//a/c/4/ac4311604dc5ce8c875df0dbfefdf5cb_240x180.jpg
Mercedes-Benz W124,"1989 г., 2.3 л., автомат, седан, бензин, руль слева, 194 000 км",$ 3 528,https://im.mashina.kg/tachka/images//c/b/b/cbb4a54694e02da2fd48abdafef7dffe_240x180.jpg
Hyundai Sonata,"2019 г., 2 л., автомат, седан, бензин / газ, руль слева, 87 490 км",$ 18 300,https://im.mashina.kg/tachka/images//6/7/4/67459870e6c33c32674b4b1961be5a8d_240x180.jpg
Hyundai Sonata,"2010 г., 2 л., автомат, седан, бензин, руль слева, 230 000 км",$ 11 500,https://im.mashina.kg/tachka/images//d/5/c/d5c58896c62fbf2b985c95ffa4a0db33_240x180.jpg
Kia Carnival,"2021 г., 2.2 л., автомат, минивэн, дизель, руль слева, 44 500 км",$ 31 300,https://im.mashina.kg/tachka/images//8/2/b/82b8306eff0a5457b9ae9500f1609b8a_240x180.jpg
Toyota Estima,"2003 г., 2.4 л., автомат, минивэн, бензин, руль справа, 100 000 км",$ 7 500,https://im.mashina.kg/tachka/images//e/b/9/eb95964654d2967607aba22e89d77425_240x180.jpg
Toyota Sienna,"2017 г., 3.5 л., автомат, минивэн, бензин, руль слева, 143 000 км",$ 32 500,https://im.mashina.kg/tachka/images//2/d/4/2d443b547d98898d4039601e92ce5d26_240x180.jpg
Toyota Fortuner,"2017 г., 2.7 л., автомат, внедорожник 5 дв., бензин, руль слева, 70 000 км",$ 40 500,https://im.mashina.kg/tachka/images//4/2/7/4275c2ac1a6e03196d435be50a629946_240x180.jpg
Lexus RX,"2017 г., 3.5 л., вариатор, внедорожник 5 дв., гибрид, руль слева, 110 000 км",$ 53 000,https://im.mashina.kg/tachka/images//c/3/b/c3b97d5b92ab907e27615efec4762660_240x180.jpg
Lexus LX,"2015 г., 4.5 л., автомат, внедорожник 5 дв., дизель, руль слева, 125 000 км",$ 88 000,https://im.mashina.kg/tachka/images//9/1/a/91a23ea4736b9bfc914e94d13a580baa_240x180.jpg
Lexus GX,"2007 г., 4.7 л., автомат, внедорожник 5 дв., бензин, руль слева, 175 000 км",$ 26 500,https://im.mashina.kg/tachka/images//f/6/a/f6a2c3b63c6de37200c1ba4bd0fc349d_240x180.jpg
Toyota Highlander,"2017 г., 3.5 л., вариатор, внедорожник 5 дв., гибрид, руль слева, 62 000 км",$ 41 100,https://im.mashina.kg/tachka/images//3/9/7/397cc0411b734d0fa2f8e1064b899e04_240x180.jpg
Lexus LX,"2014 г., 5.7 л., автомат, внедорожник 5 дв., бензин, руль слева, 40 500 км",$ 65 000,https://im.mashina.kg/tachka/images//a/b/3/ab3f7cb46db72bc50b5b090e64330543_240x180.jpg
Land Rover Range Rover,"2018 г., 4.4 л., автомат, внедорожник 5 дв., дизель, руль слева, 41 000 км",$ 115 000,https://im.mashina.kg/tachka/images//2/c/2/2c285222aec4a03816e29fb21f94e550_240x180.jpg
Genesis GV80,"2020 г., 3 л., автомат, внедорожник 5 дв., дизель, руль слева, 38 000 км",$ 69 000,https://im.mashina.kg/tachka/images//8/d/5/8d5a34db3191fc6569ee5cbdfb95da76_240x180.jpg
Toyota Camry,"2021 г., 2.5 л., автомат, седан, бензин, руль слева, 27 000 км",$ 26 300,https://im.mashina.kg/tachka/images//6/3/1/631e683d113e3c0efaaff086d9db2891_240x180.jpg
Toyota RAV4,"2016 г., 2.5 л., вариатор, внедорожник 5 дв., гибрид, руль слева, 160 000 км",$ 27 500,https://im.mashina.kg/tachka/images//a/2/9/a29a699a99b6af022789ca0c684c743b_240x180.jpg
BMW X5,"2017 г., 3 л., автомат, внедорожник 5 дв., дизель, руль слева, 150 000 км",$ 49 500,https://im.mashina.kg/tachka/images//a/3/6/a36fb2df832fc46d06c6913b3f27e1a5_240x180.jpg
Toyota 4Runner,"2017 г., 4 л., автомат, внедорожник 5 дв., бензин, руль слева, 120 000 км",$ 37 500,https://im.mashina.kg/tachka/images//6/f/3/6f3d18909acce96e97b39456bd181437_240x180.jpg
Hyundai Elantra,"2018 г., 2 л., автомат, седан, бензин, руль слева, 35 000 км",$ 11 800,https://im.mashina.kg/tachka/images//3/f/5/3f56ee353ec7612af448b6fdef54e63c_240x180.jpg
Lexus LX,"2012 г., 5.7 л., автомат, внедорожник 5 дв., бензин, руль слева, 200 000 км",$ 46 000,https://im.mashina.kg/tachka/images//b/d/c/bdc05b775f6d6a384e8e637e655a73f7_240x180.jpg
Toyota Land Cruiser,"2012 г., 4.6 л., автомат, внедорожник 5 дв., бензин, руль слева, 139 000 км",$ 49 000,https://im.mashina.kg/tachka/images//6/b/6/6b6b415223149c7ceff9be1187a71575_240x180.jpg
Toyota Highlander,"2022 г., 2.5 л., автомат, внедорожник 5 дв., гибрид, руль слева",$ 72 000,https://im.mashina.kg/tachka/images//1/0/8/1084f072b109822a393b3b48f8fa9304_240x180.jpg
Lexus GS,"2018 г., 2.5 л., вариатор, седан, гибрид, руль слева, 67 000 км",$ 29 400,https://im.mashina.kg/tachka/images//3/0/1/301d0ca5b519776d4f51f9e9c632a640_240x180.jpg
Honda Fit,"2003 г., 1.3 л., вариатор, хэтчбек 5 дв., бензин, руль справа, 123 178 км",$ 5 400,https://im.mashina.kg/tachka/images//c/2/1/c2147b6d27e2b5e5b8e3def187a98ae5_240x180.jpg
Lexus ES,"2007 г., 3.5 л., автомат, седан, бензин, руль слева, 335 000 км",$ 10 800,https://im.mashina.kg/tachka/images//0/d/2/0d27ea3127c2707a30eb0fc1ca05d1eb_240x180.jpg
Ford Mondeo,"2001 г., 2 л., автомат, универсал, бензин, руль слева, 141 254 км",$ 3 983,https://im.mashina.kg/tachka/images//c/c/1/cc165331e6fb8313cacac9742840746d_240x180.jpg
Kia K7,"2020 г., 3 л., автомат, седан, газ, руль слева, 55 000 км",$ 27 500,https://im.mashina.kg/tachka/images//8/7/d/87df19d915f8c5eb7361e11c4bed978d_240x180.jpg
Lexus LX,"2008 г., 5.7 л., автомат, внедорожник 5 дв., бензин, руль слева, 260 000 км",$ 34 000,https://im.mashina.kg/tachka/images//1/d/7/1d7e0484725b4ad98f10ff0077ec404e_240x180.jpg
Honda CR-V,"2009 г., 2.4 л., автомат, внедорожник 5 дв., бензин, руль слева, 220 000 км",$ 14 300,https://im.mashina.kg/tachka/images//9/9/d/99d3ea235eff4255150eb72ac0b49ba5_240x180.jpg
Lexus GX,"2008 г., 4.7 л., автомат, внедорожник 5 дв., бензин, руль слева, 211 000 км",$ 30 500,https://im.mashina.kg/tachka/images//b/e/4/be499582f2d8fd7f54ba93579ca6dc4c_240x180.jpg
Audi Q7,"2007 г., 4.2 л., автомат, внедорожник 5 дв., бензин, руль слева, 20 000 км",$ 18 800,https://im.mashina.kg/tachka/images//5/4/8/54860901d0b1e61fc6a45880e153c840_240x180.jpg
Nissan X-Trail,"2003 г., 2.5 л., автомат, внедорожник 5 дв., бензин, руль слева, 20 000 км",$ 7 900,https://im.mashina.kg/tachka/images//0/6/3/063e47afeeec9012e447a178c45c4090_240x180.jpg
Hyundai Creta,"2021 г., 2 л., автомат, внедорожник 5 дв., бензин, руль слева, 2 400 км",$ 25 800,https://im.mashina.kg/tachka/images//b/4/6/b469db6e682643bf4b736ea2c8af6318_240x180.jpg
Nissan Juke,"2012 г., 1.6 л., вариатор, внедорожник 5 дв., бензин, руль слева, 100 000 км",$ 11 400,https://im.mashina.kg/tachka/images//3/a/a/3aa15c8be748af5c53e50158abf009aa_240x180.jpg
Nissan Patrol,"2002 г., 3 л., механика, внедорожник 5 дв., дизель, руль слева, 99 900 км",$ 8 500,https://im.mashina.kg/tachka/images//0/e/e/0eecbdec4e09450a53cf5c739d77cafd_240x180.jpg
Toyota Prius,"2018 г., 1.8 л., вариатор, хэтчбек 5 дв., гибрид, руль слева, 66 000 км",$ 16 900,https://im.mashina.kg/tachka/images//2/9/4/2944e302089cd721be1d167b1d790ae9_240x180.jpg
Hyundai Grandeur,"2018 г., 3 л., автомат, седан, бензин / газ, руль слева, 109 446 км",$ 15 500,https://im.mashina.kg/tachka/images//4/9/b/49b8d109d522cc2e19506da5168b48c1_240x180.jpg
Lexus RX,"2017 г., 3.5 л., автомат, внедорожник 5 дв., бензин, руль слева, 96 000 км",$ 44 000,https://im.mashina.kg/tachka/images//6/7/f/67f7d3f137d4e6096c48ef32f0f2d113_240x180.jpg
BMW 6 серии,"2003 г., 4.4 л., автомат, купе, бензин, руль слева, 140 000 км",$ 19 000,https://im.mashina.kg/tachka/images//a/0/0/a00df3cc5d768598cfee17d3c0397415_240x180.jpg
Hyundai Sonata,"2017 г., 2 л., автомат, седан, газ, руль слева, 255 000 км",$ 14 300,https://im.mashina.kg/tachka/images//f/2/5/f2573590cd4bfcdc7c6f71b3e5728177_240x180.jpg
Toyota Avalon,"2014 г., 2.5 л., вариатор, седан, гибрид, руль слева, 128 800 км",$ 20 900,https://im.mashina.kg/tachka/images//6/a/a/6aa3c5e87af5cf585c1e15a6a78730fb_240x180.jpg
Subaru Outback,"2014 г., 2.5 л., вариатор, универсал, бензин, руль слева, 214 000 км",$ 16 000,https://im.mashina.kg/tachka/images//c/3/3/c331b5e4f36245aa48b4071b681ec2f6_240x180.jpg
Kia Carnival,"2017 г., 2.2 л., автомат, минивэн, дизель, руль слева, 137 000 км",$ 18 900,https://im.mashina.kg/tachka/images//a/4/a/a4a68f2189a34c28980c784251a3442f_240x180.jpg
Kia Carnival,"2017 г., 2.2 л., автомат, минивэн, дизель, руль слева, 135 000 км",$ 19 000,https://im.mashina.kg/tachka/images//3/6/f/36fff736002e5f86e468961495083c1a_240x180.jpg
Genesis G70,"2018 г., 2 л., автомат, седан, бензин, руль слева, 79 000 км",$ 25 000,https://im.mashina.kg/tachka/images//4/b/2/4b2ce3710e4693a19af0fc0a48e8d244_240x180.jpg
Hyundai Elantra,"2019 г., 2 л., автомат, седан, бензин, руль слева, 12 000 км",$ 14 400,https://im.mashina.kg/tachka/images//e/b/4/eb46dc9c43610a7d15185389b6e22f92_240x180.jpg
BMW 7 серии,"2015 г., 3 л., автомат, седан, дизель, руль слева, 40 000 км",$ 50 000,https://im.mashina.kg/tachka/images//f/c/3/fc313098eeec55cc88bcde7edcd7a921_240x180.jpg
Lexus RX,"2006 г., 3.5 л., автомат, внедорожник 5 дв., бензин, руль слева, 290 000 км",$ 14 800,https://im.mashina.kg/tachka/images//7/7/0/770012b96b908b56e071139f14b12335_240x180.jpg
Lexus GX,"2008 г., 4.7 л., автомат, внедорожник 5 дв., бензин, руль слева, 156 500 км",$ 33 800,https://im.mashina.kg/tachka/images//c/4/9/c4999f941864726ae5ec507382bfd565_240x180.jpg
Chevrolet Traverse,"2019 г., 3.6 л., автомат, внедорожник 5 дв., бензин, руль слева, 57 000 км",$ 26 500,https://im.mashina.kg/tachka/images//5/4/1/541cde2921df68936b61a3747fd3a368_240x180.jpg
Kia Sorento,"2016 г., 2.2 л., автомат, внедорожник 5 дв., дизель, руль слева, 177 915 км",$ 25 000,https://im.mashina.kg/tachka/images//3/4/6/346fe68ff2b390ab51cdd1953b425228_240x180.jpg
Honda Accord,"2020 г., 1.5 л., вариатор, седан, бензин, руль слева, 45 000 км",$ 22 500,https://im.mashina.kg/tachka/images//2/0/9/20974eddbdade2e27dfd09028066d266_240x180.jpg
Toyota RAV4,"2019 г., 2.5 л., вариатор, внедорожник 5 дв., гибрид, руль слева, 32 000 км",$ 39 900,https://im.mashina.kg/tachka/images//a/5/0/a50dd134b1021d4822cb1c8de8db13bf_240x180.jpg
Lexus GX,"2010 г., 4.6 л., автомат, внедорожник 5 дв., бензин, руль слева, 190 000 км",$ 35 000,https://im.mashina.kg/tachka/images//8/f/5/8f5336f1b0b3aa63c15c7f7f95c7e0f6_240x180.jpg
Kia Carnival,"2021 г., 2.2 л., автомат, минивэн, дизель, руль слева, 31 000 км",$ 44 200,https://im.mashina.kg/tachka/images//d/2/7/d27a8cb4d5b85b31fb81258f2b4c3f1a_240x180.jpg
Lexus NX,"2016 г., 2 л., автомат, внедорожник 5 дв., бензин, руль слева, 149 000 км",$ 30 800,https://im.mashina.kg/tachka/images//2/6/8/268c9e61231ef6b723a05ae58039aad5_240x180.jpg
Toyota Crown,"2004 г., 2.5 л., автомат, седан, бензин, руль справа, 215 000 км",$ 8 000,https://im.mashina.kg/tachka/images//5/0/a/50a8de5b5d93262db399a697f39237d1_240x180.jpg
Honda Accord,"2000 г., 1.8 л., механика, седан, бензин, руль слева, 300 000 км",$ 4 324,https://im.mashina.kg/tachka/images//8/6/f/86fcdb1a5bf0863066db01c2b44a4fed_240x180.jpg
Weltmeister EX5,"2021 г., автомат, внедорожник 5 дв., электро, руль слева, 1 км",$ 21 000,https://im.mashina.kg/tachka/images//9/9/4/994a5333912f5cefbd72d0c2a6fd6441_240x180.jpg
Toyota RAV4,"2018 г., 2.5 л., автомат, внедорожник 5 дв., бензин, руль слева, 39 000 км",$ 25 500,https://im.mashina.kg/tachka/images//3/7/f/37f0df4317584a7b4dc3d03fb7785c0f_240x180.jpg
Mercedes-Benz C-Класс,"1995 г., 2.2 л., механика, седан, дизель, руль слева, 250 000 км",$ 3 500,https://im.mashina.kg/tachka/images//8/b/0/8b0cfe3203c6d0a2cdf5761b1f9a4745_240x180.jpg
Kia Carnival,"2021 г., 2.2 л., автомат, минивэн, дизель, руль слева, 4 000 км",$ 41 900,https://im.mashina.kg/tachka/images//c/5/2/c52db4ffdb60679c15360330aa9af7df_240x180.jpg
Toyota Celsior,"2004 г., 4.3 л., автомат, седан, бензин, руль справа, 198 000 км",$ 13 800,https://im.mashina.kg/tachka/images//e/7/2/e727dd93f6007678914756a40e1fa858_240x180.jpg
Volkswagen ID.6,"2022 г., автомат, внедорожник 5 дв., электро, руль слева, 1 км",$ 37 000,https://im.mashina.kg/tachka/images//3/6/9/3697b50954b5da6d848579bac2b35479_240x180.jpg
Honda e:NP1,"2022 г., автомат, внедорожник 5 дв., электро, руль слева, 1 км",$ 28 000,https://im.mashina.kg/tachka/images//a/f/7/af741833724fda0349622fe6c3c0e479_240x180.jpg
